ユーザーID,開始日時,終了日時,条件,経過時間(秒),イベントタイプ,Y座標,スクロール率,表示メッセージID,シナリオID
nszw26001_SIghml99oC,2026-01-27_23-04-26,2026-01-27_23-11-25,ItoE_name, 19.368, Wheel, 20.0, 0.00, 0, 0
nszw26001_SIghml99oC,2026-01-27_23-04-26,2026-01-27_23-11-25,ItoE_name, 19.419, Wheel, 20.0, 0.00, 0, 0
nszw26001_SIghml99oC,2026-01-27_23-04-26,2026-01-27_23-11-25,ItoE_name, 19.433, Wheel, 20.0, 0.00, 0, 0
nszw26001_SIghml99oC,2026-01-27_23-04-26,2026-01-27_23-11-25,ItoE_name, 19.449, Wheel, 20.0, 0.00, 0, 0
nszw26001_SIghml99oC,2026-01-27_23-04-26,2026-01-27_23-11-25,ItoE_name, 19.466, Wheel, 20.0, 0.00, 0, 0
nszw26001_SIghml99oC,2026-01-27_23-04-26,2026-01-27_23-11-25,ItoE_name, 19.482, Wheel, 20.0, 0.00, 0, 0
nszw26001_SIghml99oC,2026-01-27_23-04-26,2026-01-27_23-11-25,ItoE_name, 19.485, Wheel, 20.0, 0.00, 0, 0
nszw26001_SIghml99oC,2026-01-27_23-04-26,2026-01-27_23-11-25,ItoE_name, 19.500, Wheel, 20.0, 0.00, 0, 0
nszw26001_SIghml99oC,2026-01-27_23-04-26,2026-01-27_23-11-25,ItoE_name, 19.517, Wheel, 20.0, 0.00, 0, 0
nszw26001_SIghml99oC,2026-01-27_23-04-26,2026-01-27_23-11-25,ItoE_name, 19.533, Wheel, 20.0, 0.00, 0, 0
nszw26001_SIghml99oC,2026-01-27_23-04-26,2026-01-27_23-11-25,ItoE_name, 19.550, Wheel, 20.0, 0.00, 0, 0
nszw26001_SIghml99oC,2026-01-27_23-04-26,2026-01-27_23-11-25,ItoE_name, 19.566, Wheel, 20.0, 0.00, 0, 0
nszw26001_SIghml99oC,2026-01-27_23-04-26,2026-01-27_23-11-25,ItoE_name, 19.584, Wheel, 20.0, 0.00, 0, 0
nszw26001_SIghml99oC,2026-01-27_23-04-26,2026-01-27_23-11-25,ItoE_name, 19.600, Wheel, 20.0, 0.00, 0, 0
nszw26001_SIghml99oC,2026-01-27_23-04-26,2026-01-27_23-11-25,ItoE_name, 19.616, Wheel, 20.0, 0.00, 0, 0
nszw26001_SIghml99oC,2026-01-27_23-04-26,2026-01-27_23-11-25,ItoE_name, 19.633, Wheel, 20.0, 0.00, 0, 0
nszw26001_SIghml99oC,2026-01-27_23-04-26,2026-01-27_23-11-25,ItoE_name, 19.650, Wheel, 20.0, 0.00, 0, 0
nszw26001_SIghml99oC,2026-01-27_23-04-26,2026-01-27_23-11-25,ItoE_name, 19.667, Wheel, 20.0, 0.00, 0, 0
nszw26001_SIghml99oC,2026-01-27_23-04-26,2026-01-27_23-11-25,ItoE_name, 19.683, Wheel, 20.0, 0.00, 0, 0
nszw26001_SIghml99oC,2026-01-27_23-04-26,2026-01-27_23-11-25,ItoE_name, 19.700, Wheel, 20.0, 0.00, 0, 0
nszw26001_SIghml99oC,2026-01-27_23-04-26,2026-01-27_23-11-25,ItoE_name, 19.717, Wheel, 20.0, 0.00, 0, 0
nszw26001_SIghml99oC,2026-01-27_23-04-26,2026-01-27_23-11-25,ItoE_name, 19.733, Wheel, 20.0, 0.00, 0, 0
nszw26001_SIghml99oC,2026-01-27_23-04-26,2026-01-27_23-11-25,ItoE_name, 19.750, Wheel, 20.0, 0.00, 0, 0
nszw26001_SIghml99oC,2026-01-27_23-04-26,2026-01-27_23-11-25,ItoE_name, 19.766, Wheel, 20.0, 0.00, 0, 0
nszw26001_SIghml99oC,2026-01-27_23-04-26,2026-01-27_23-11-25,ItoE_name, 19.783, Wheel, 20.0, 0.00, 0, 0
nszw26001_SIghml99oC,2026-01-27_23-04-26,2026-01-27_23-11-25,ItoE_name, 19.800, Wheel, 20.0, 0.00, 0, 0
nszw26001_SIghml99oC,2026-01-27_23-04-26,2026-01-27_23-11-25,ItoE_name, 19.816, Wheel, 20.0, 0.00, 0, 0
nszw26001_SIghml99oC,2026-01-27_23-04-26,2026-01-27_23-11-25,ItoE_name, 19.833, Wheel, 20.0, 0.00, 0, 0
nszw26001_SIghml99oC,2026-01-27_23-04-26,2026-01-27_23-11-25,ItoE_name, 19.850, Wheel, 20.0, 0.00, 0, 0
nszw26001_SIghml99oC,2026-01-27_23-04-26,2026-01-27_23-11-25,ItoE_name, 19.866, Wheel, 20.0, 0.00, 0, 0
nszw26001_SIghml99oC,2026-01-27_23-04-26,2026-01-27_23-11-25,ItoE_name, 19.883, Wheel, 20.0, 0.00, 0, 0
nszw26001_SIghml99oC,2026-01-27_23-04-26,2026-01-27_23-11-25,ItoE_name, 19.899, Wheel, 20.0, 0.00, 0, 0
nszw26001_SIghml99oC,2026-01-27_23-04-26,2026-01-27_23-11-25,ItoE_name, 19.917, Wheel, 20.0, 0.00, 0, 0
nszw26001_SIghml99oC,2026-01-27_23-04-26,2026-01-27_23-11-25,ItoE_name, 19.933, Wheel, 20.0, 0.00, 0, 0
nszw26001_SIghml99oC,2026-01-27_23-04-26,2026-01-27_23-11-25,ItoE_name, 19.950, Wheel, 20.0, 0.00, 0, 0
nszw26001_SIghml99oC,2026-01-27_23-04-26,2026-01-27_23-11-25,ItoE_name, 19.966, Wheel, 20.0, 0.00, 0, 0
nszw26001_SIghml99oC,2026-01-27_23-04-26,2026-01-27_23-11-25,ItoE_name, 19.983, Wheel, 20.0, 0.00, 0, 0
nszw26001_SIghml99oC,2026-01-27_23-04-26,2026-01-27_23-11-25,ItoE_name, 19.999, Wheel, 20.0, 0.00, 0, 0
nszw26001_SIghml99oC,2026-01-27_23-04-26,2026-01-27_23-11-25,ItoE_name, 20.016, Wheel, 20.0, 0.00, 0, 0
nszw26001_SIghml99oC,2026-01-27_23-04-26,2026-01-27_23-11-25,ItoE_name, 20.033, Wheel, 20.0, 0.00, 0, 0
nszw26001_SIghml99oC,2026-01-27_23-04-26,2026-01-27_23-11-25,ItoE_name, 20.050, Wheel, 20.0, 0.00, 0, 0
nszw26001_SIghml99oC,2026-01-27_23-04-26,2026-01-27_23-11-25,ItoE_name, 20.066, Wheel, 20.0, 0.00, 0, 0
nszw26001_SIghml99oC,2026-01-27_23-04-26,2026-01-27_23-11-25,ItoE_name, 20.083, Wheel, 20.0, 0.00, 0, 0
nszw26001_SIghml99oC,2026-01-27_23-04-26,2026-01-27_23-11-25,ItoE_name, 20.099, Wheel, 20.0, 0.00, 0, 0
nszw26001_SIghml99oC,2026-01-27_23-04-26,2026-01-27_23-11-25,ItoE_name, 20.117, Wheel, 20.0, 0.00, 0, 0
nszw26001_SIghml99oC,2026-01-27_23-04-26,2026-01-27_23-11-25,ItoE_name, 20.133, Wheel, 20.0, 0.00, 0, 0
nszw26001_SIghml99oC,2026-01-27_23-04-26,2026-01-27_23-11-25,ItoE_name, 20.150, Wheel, 20.0, 0.00, 0, 0
nszw26001_SIghml99oC,2026-01-27_23-04-26,2026-01-27_23-11-25,ItoE_name, 20.183, Wheel, 20.0, 0.00, 0, 0
nszw26001_SIghml99oC,2026-01-27_23-04-26,2026-01-27_23-11-25,ItoE_name, 20.200, Wheel, 20.0, 0.00, 0, 0
nszw26001_SIghml99oC,2026-01-27_23-04-26,2026-01-27_23-11-25,ItoE_name, 20.283, Wheel, 20.0, 0.00, 0, 0
nszw26001_SIghml99oC,2026-01-27_23-04-26,2026-01-27_23-11-25,ItoE_name, 20.299, Wheel, 20.0, 0.00, 0, 0
nszw26001_SIghml99oC,2026-01-27_23-04-26,2026-01-27_23-11-25,ItoE_name, 20.316, Wheel, 20.0, 0.00, 0, 0
nszw26001_SIghml99oC,2026-01-27_23-04-26,2026-01-27_23-11-25,ItoE_name, 20.333, Wheel, 20.0, 0.00, 0, 0
nszw26001_SIghml99oC,2026-01-27_23-04-26,2026-01-27_23-11-25,ItoE_name, 20.350, Wheel, 20.0, 0.00, 0, 0
nszw26001_SIghml99oC,2026-01-27_23-04-26,2026-01-27_23-11-25,ItoE_name, 20.366, Wheel, 20.0, 0.00, 0, 0
nszw26001_SIghml99oC,2026-01-27_23-04-26,2026-01-27_23-11-25,ItoE_name, 20.383, Wheel, 20.0, 0.00, 0, 0
nszw26001_SIghml99oC,2026-01-27_23-04-26,2026-01-27_23-11-25,ItoE_name, 20.400, Wheel, 20.0, 0.00, 0, 0
nszw26001_SIghml99oC,2026-01-27_23-04-26,2026-01-27_23-11-25,ItoE_name, 20.414, Wheel, 20.0, 0.00, 0, 0
nszw26001_SIghml99oC,2026-01-27_23-04-26,2026-01-27_23-11-25,ItoE_name, 20.432, Wheel, 20.0, 0.00, 0, 0
nszw26001_SIghml99oC,2026-01-27_23-04-26,2026-01-27_23-11-25,ItoE_name, 20.447, Wheel, 20.0, 0.00, 0, 0
nszw26001_SIghml99oC,2026-01-27_23-04-26,2026-01-27_23-11-25,ItoE_name, 20.465, Wheel, 20.0, 0.00, 0, 0
nszw26001_SIghml99oC,2026-01-27_23-04-26,2026-01-27_23-11-25,ItoE_name, 20.483, Wheel, 20.0, 0.00, 0, 0
nszw26001_SIghml99oC,2026-01-27_23-04-26,2026-01-27_23-11-25,ItoE_name, 20.500, Wheel, 20.0, 0.00, 0, 0
nszw26001_SIghml99oC,2026-01-27_23-04-26,2026-01-27_23-11-25,ItoE_name, 20.517, Wheel, 20.0, 0.00, 0, 0
nszw26001_SIghml99oC,2026-01-27_23-04-26,2026-01-27_23-11-25,ItoE_name, 20.531, Wheel, 20.0, 0.00, 0, 0
nszw26001_SIghml99oC,2026-01-27_23-04-26,2026-01-27_23-11-25,ItoE_name, 20.547, Wheel, 20.0, 0.00, 0, 0
nszw26001_SIghml99oC,2026-01-27_23-04-26,2026-01-27_23-11-25,ItoE_name, 20.563, Wheel, 20.0, 0.00, 0, 0
nszw26001_SIghml99oC,2026-01-27_23-04-26,2026-01-27_23-11-25,ItoE_name, 20.580, Wheel, 20.0, 0.00, 0, 0
nszw26001_SIghml99oC,2026-01-27_23-04-26,2026-01-27_23-11-25,ItoE_name, 20.597, Wheel, 20.0, 0.00, 0, 0
nszw26001_SIghml99oC,2026-01-27_23-04-26,2026-01-27_23-11-25,ItoE_name, 20.613, Wheel, 20.0, 0.00, 0, 0
nszw26001_SIghml99oC,2026-01-27_23-04-26,2026-01-27_23-11-25,ItoE_name, 20.630, Wheel, 20.0, 0.00, 0, 0
nszw26001_SIghml99oC,2026-01-27_23-04-26,2026-01-27_23-11-25,ItoE_name, 20.647, Wheel, 20.0, 0.00, 0, 0
nszw26001_SIghml99oC,2026-01-27_23-04-26,2026-01-27_23-11-25,ItoE_name, 20.663, Wheel, 20.0, 0.00, 0, 0
nszw26001_SIghml99oC,2026-01-27_23-04-26,2026-01-27_23-11-25,ItoE_name, 20.680, Wheel, 20.0, 0.00, 0, 0
nszw26001_SIghml99oC,2026-01-27_23-04-26,2026-01-27_23-11-25,ItoE_name, 20.731, Wheel, 20.0, 0.00, 0, 0
nszw26001_SIghml99oC,2026-01-27_23-04-26,2026-01-27_23-11-25,ItoE_name, 20.747, Wheel, 20.0, 0.00, 0, 0
nszw26001_SIghml99oC,2026-01-27_23-04-26,2026-01-27_23-11-25,ItoE_name, 36.392, Wheel, 20.0, 0.00, 0, 0
nszw26001_SIghml99oC,2026-01-27_23-04-26,2026-01-27_23-11-25,ItoE_name, 36.393, Wheel, 20.0, 0.00, 0, 0
nszw26001_SIghml99oC,2026-01-27_23-04-26,2026-01-27_23-11-25,ItoE_name, 36.408, Wheel, 20.0, 0.00, 0, 0
nszw26001_SIghml99oC,2026-01-27_23-04-26,2026-01-27_23-11-25,ItoE_name, 36.425, Wheel, 20.0, 0.00, 0, 0
nszw26001_SIghml99oC,2026-01-27_23-04-26,2026-01-27_23-11-25,ItoE_name, 36.441, Wheel, 20.0, 0.00, 0, 0
nszw26001_SIghml99oC,2026-01-27_23-04-26,2026-01-27_23-11-25,ItoE_name, 36.448, Wheel, 20.0, 0.00, 0, 0
nszw26001_SIghml99oC,2026-01-27_23-04-26,2026-01-27_23-11-25,ItoE_name, 36.464, Wheel, 20.0, 0.00, 0, 0
nszw26001_SIghml99oC,2026-01-27_23-04-26,2026-01-27_23-11-25,ItoE_name, 36.482, Wheel, 20.0, 0.00, 0, 0
nszw26001_SIghml99oC,2026-01-27_23-04-26,2026-01-27_23-11-25,ItoE_name, 36.498, Wheel, 20.0, 0.00, 0, 0
nszw26001_SIghml99oC,2026-01-27_23-04-26,2026-01-27_23-11-25,ItoE_name, 36.516, Wheel, 20.0, 0.00, 0, 0
nszw26001_SIghml99oC,2026-01-27_23-04-26,2026-01-27_23-11-25,ItoE_name, 36.532, Wheel, 20.0, 0.00, 0, 0
nszw26001_SIghml99oC,2026-01-27_23-04-26,2026-01-27_23-11-25,ItoE_name, 36.549, Wheel, 20.0, 0.00, 0, 0
nszw26001_SIghml99oC,2026-01-27_23-04-26,2026-01-27_23-11-25,ItoE_name, 36.566, Wheel, 20.0, 0.00, 0, 0
nszw26001_SIghml99oC,2026-01-27_23-04-26,2026-01-27_23-11-25,ItoE_name, 36.582, Wheel, 20.0, 0.00, 0, 0
nszw26001_SIghml99oC,2026-01-27_23-04-26,2026-01-27_23-11-25,ItoE_name, 45.133, Wheel, -206.7, 0.99, 2, 0
nszw26001_SIghml99oC,2026-01-27_23-04-26,2026-01-27_23-11-25,ItoE_name, 45.187, Wheel, -204.8, 0.99, 2, 0
nszw26001_SIghml99oC,2026-01-27_23-04-26,2026-01-27_23-11-25,ItoE_name, 45.200, Wheel, -201.0, 0.97, 1-2, 0
nszw26001_SIghml99oC,2026-01-27_23-04-26,2026-01-27_23-11-25,ItoE_name, 45.217, Wheel, -195.6, 0.94, 1-2, 0
nszw26001_SIghml99oC,2026-01-27_23-04-26,2026-01-27_23-11-25,ItoE_name, 45.225, Wheel, -195.6, 0.94, 1-2, 0
nszw26001_SIghml99oC,2026-01-27_23-04-26,2026-01-27_23-11-25,ItoE_name, 45.239, Wheel, -186.7, 0.91, 1-2, 0
nszw26001_SIghml99oC,2026-01-27_23-04-26,2026-01-27_23-11-25,ItoE_name, 45.257, Wheel, -176.7, 0.86, 1-2, 0
nszw26001_SIghml99oC,2026-01-27_23-04-26,2026-01-27_23-11-25,ItoE_name, 45.274, Wheel, -165.8, 0.81, 1-2, 0
nszw26001_SIghml99oC,2026-01-27_23-04-26,2026-01-27_23-11-25,ItoE_name, 45.291, Wheel, -153.9, 0.76, 1-2, 0
nszw26001_SIghml99oC,2026-01-27_23-04-26,2026-01-27_23-11-25,ItoE_name, 45.307, Wheel, -141.2, 0.71, 1-2, 0
nszw26001_SIghml99oC,2026-01-27_23-04-26,2026-01-27_23-11-25,ItoE_name, 45.323, Wheel, -127.8, 0.65, 1-2, 0
nszw26001_SIghml99oC,2026-01-27_23-04-26,2026-01-27_23-11-25,ItoE_name, 45.341, Wheel, -113.7, 0.58, 1-2, 0
nszw26001_SIghml99oC,2026-01-27_23-04-26,2026-01-27_23-11-25,ItoE_name, 45.357, Wheel, -100.3, 0.53, 0-1-2, 0
nszw26001_SIghml99oC,2026-01-27_23-04-26,2026-01-27_23-11-25,ItoE_name, 45.374, Wheel, -88.3, 0.47, 0-1-2, 0
nszw26001_SIghml99oC,2026-01-27_23-04-26,2026-01-27_23-11-25,ItoE_name, 45.390, Wheel, -77.4, 0.42, 0-1-2, 0
nszw26001_SIghml99oC,2026-01-27_23-04-26,2026-01-27_23-11-25,ItoE_name, 45.407, Wheel, -67.7, 0.38, 0-1-2, 0
nszw26001_SIghml99oC,2026-01-27_23-04-26,2026-01-27_23-11-25,ItoE_name, 45.424, Wheel, -58.9, 0.34, 0-1-2, 0
nszw26001_SIghml99oC,2026-01-27_23-04-26,2026-01-27_23-11-25,ItoE_name, 45.441, Wheel, -51.0, 0.31, 0-1-2, 0
nszw26001_SIghml99oC,2026-01-27_23-04-26,2026-01-27_23-11-25,ItoE_name, 45.457, Wheel, -43.9, 0.28, 0-1-2, 0
nszw26001_SIghml99oC,2026-01-27_23-04-26,2026-01-27_23-11-25,ItoE_name, 45.474, Wheel, -37.5, 0.25, 0-1-2, 0
nszw26001_SIghml99oC,2026-01-27_23-04-26,2026-01-27_23-11-25,ItoE_name, 45.490, Wheel, -31.8, 0.22, 0-1-2, 0
nszw26001_SIghml99oC,2026-01-27_23-04-26,2026-01-27_23-11-25,ItoE_name, 45.507, Wheel, -26.6, 0.20, 0-1-2, 0
nszw26001_SIghml99oC,2026-01-27_23-04-26,2026-01-27_23-11-25,ItoE_name, 45.524, Wheel, -21.9, 0.18, 0-1-2, 0
nszw26001_SIghml99oC,2026-01-27_23-04-26,2026-01-27_23-11-25,ItoE_name, 45.541, Wheel, -17.7, 0.16, 0-1-2, 0
nszw26001_SIghml99oC,2026-01-27_23-04-26,2026-01-27_23-11-25,ItoE_name, 45.557, Wheel, -13.9, 0.14, 0-1-2, 0
nszw26001_SIghml99oC,2026-01-27_23-04-26,2026-01-27_23-11-25,ItoE_name, 45.574, Wheel, -10.5, 0.13, 0-1-2, 0
nszw26001_SIghml99oC,2026-01-27_23-04-26,2026-01-27_23-11-25,ItoE_name, 45.591, Wheel, -7.5, 0.12, 0-1-2, 0
nszw26001_SIghml99oC,2026-01-27_23-04-26,2026-01-27_23-11-25,ItoE_name, 45.606, Wheel, -4.7, 0.10, 0-1-2, 0
nszw26001_SIghml99oC,2026-01-27_23-04-26,2026-01-27_23-11-25,ItoE_name, 45.623, Wheel, -2.3, 0.09, 0-1-2, 0
nszw26001_SIghml99oC,2026-01-27_23-04-26,2026-01-27_23-11-25,ItoE_name, 45.640, Wheel, -0.0, 0.08, 0-1-2, 0
nszw26001_SIghml99oC,2026-01-27_23-04-26,2026-01-27_23-11-25,ItoE_name, 45.657, Wheel, 1.9, 0.07, 0-1-2, 0
nszw26001_SIghml99oC,2026-01-27_23-04-26,2026-01-27_23-11-25,ItoE_name, 45.673, Wheel, 3.7, 0.07, 0-1-2, 0
nszw26001_SIghml99oC,2026-01-27_23-04-26,2026-01-27_23-11-25,ItoE_name, 45.690, Wheel, 5.3, 0.06, 0-1-2, 0
nszw26001_SIghml99oC,2026-01-27_23-04-26,2026-01-27_23-11-25,ItoE_name, 45.709, Wheel, 6.8, 0.05, 0-1-2, 0
nszw26001_SIghml99oC,2026-01-27_23-04-26,2026-01-27_23-11-25,ItoE_name, 45.724, Wheel, 8.1, 0.05, 0-1-2, 0
nszw26001_SIghml99oC,2026-01-27_23-04-26,2026-01-27_23-11-25,ItoE_name, 45.741, Wheel, 9.3, 0.04, 0-1-2, 0
nszw26001_SIghml99oC,2026-01-27_23-04-26,2026-01-27_23-11-25,ItoE_name, 45.757, Wheel, 10.3, 0.04, 0-1-2, 0
nszw26001_SIghml99oC,2026-01-27_23-04-26,2026-01-27_23-11-25,ItoE_name, 45.801, Wheel, 13.0, 0.03, 0-1-2, 0
nszw26001_SIghml99oC,2026-01-27_23-04-26,2026-01-27_23-11-25,ItoE_name, 45.802, Wheel, 13.0, 0.03, 0-1-2, 0
nszw26001_SIghml99oC,2026-01-27_23-04-26,2026-01-27_23-11-25,ItoE_name, 45.817, Wheel, 13.7, 0.02, 0-1-2, 0
nszw26001_SIghml99oC,2026-01-27_23-04-26,2026-01-27_23-11-25,ItoE_name, 45.834, Wheel, 14.3, 0.02, 0-1-2, 0
nszw26001_SIghml99oC,2026-01-27_23-04-26,2026-01-27_23-11-25,ItoE_name, 45.851, Wheel, 14.8, 0.02, 0-1-2, 0
nszw26001_SIghml99oC,2026-01-27_23-04-26,2026-01-27_23-11-25,ItoE_name, 45.853, Wheel, 14.8, 0.02, 0-1-2, 0
nszw26001_SIghml99oC,2026-01-27_23-04-26,2026-01-27_23-11-25,ItoE_name, 45.869, Wheel, 15.4, 0.02, 0-1-2, 0
nszw26001_SIghml99oC,2026-01-27_23-04-26,2026-01-27_23-11-25,ItoE_name, 45.886, Wheel, 15.8, 0.01, 0-1-2, 0
nszw26001_SIghml99oC,2026-01-27_23-04-26,2026-01-27_23-11-25,ItoE_name, 45.903, Wheel, 16.2, 0.01, 0-1-2, 0
nszw26001_SIghml99oC,2026-01-27_23-04-26,2026-01-27_23-11-25,ItoE_name, 45.919, Wheel, 16.6, 0.01, 0-1-2, 0
nszw26001_SIghml99oC,2026-01-27_23-04-26,2026-01-27_23-11-25,ItoE_name, 45.936, Wheel, 16.9, 0.01, 0-1-2, 0
nszw26001_SIghml99oC,2026-01-27_23-04-26,2026-01-27_23-11-25,ItoE_name, 45.952, Wheel, 17.2, 0.01, 0-1-2, 0
nszw26001_SIghml99oC,2026-01-27_23-04-26,2026-01-27_23-11-25,ItoE_name, 45.970, Wheel, 17.5, 0.01, 0-1-2, 0
nszw26001_SIghml99oC,2026-01-27_23-04-26,2026-01-27_23-11-25,ItoE_name, 45.986, Wheel, 17.8, 0.00, 0-1-2, 0
nszw26001_SIghml99oC,2026-01-27_23-04-26,2026-01-27_23-11-25,ItoE_name, 46.003, Wheel, 18.0, 0.00, 0-1-2, 0
nszw26001_SIghml99oC,2026-01-27_23-04-26,2026-01-27_23-11-25,ItoE_name, 47.068, Wheel, 20.0, 0.00, 0-1-2, 0
nszw26001_SIghml99oC,2026-01-27_23-04-26,2026-01-27_23-11-25,ItoE_name, 47.100, Wheel, 18.0, 0.00, 0-1-2, 0
nszw26001_SIghml99oC,2026-01-27_23-04-26,2026-01-27_23-11-25,ItoE_name, 47.118, Wheel, 10.7, 0.04, 0-1-2, 0
nszw26001_SIghml99oC,2026-01-27_23-04-26,2026-01-27_23-11-25,ItoE_name, 47.135, Wheel, 5.7, 0.06, 0-1-2, 0
nszw26001_SIghml99oC,2026-01-27_23-04-26,2026-01-27_23-11-25,ItoE_name, 47.152, Wheel, -0.8, 0.09, 0-1-2, 0
nszw26001_SIghml99oC,2026-01-27_23-04-26,2026-01-27_23-11-25,ItoE_name, 47.168, Wheel, -8.7, 0.12, 0-1-2, 0
nszw26001_SIghml99oC,2026-01-27_23-04-26,2026-01-27_23-11-25,ItoE_name, 47.186, Wheel, -17.9, 0.16, 0-1-2, 0
nszw26001_SIghml99oC,2026-01-27_23-04-26,2026-01-27_23-11-25,ItoE_name, 47.202, Wheel, -28.1, 0.21, 0-1-2, 0
nszw26001_SIghml99oC,2026-01-27_23-04-26,2026-01-27_23-11-25,ItoE_name, 47.219, Wheel, -39.3, 0.26, 0-1-2, 0
nszw26001_SIghml99oC,2026-01-27_23-04-26,2026-01-27_23-11-25,ItoE_name, 47.236, Wheel, -51.3, 0.31, 0-1-2, 0
nszw26001_SIghml99oC,2026-01-27_23-04-26,2026-01-27_23-11-25,ItoE_name, 47.253, Wheel, -64.2, 0.37, 0-1-2, 0
nszw26001_SIghml99oC,2026-01-27_23-04-26,2026-01-27_23-11-25,ItoE_name, 47.269, Wheel, -77.8, 0.43, 0-1-2, 0
nszw26001_SIghml99oC,2026-01-27_23-04-26,2026-01-27_23-11-25,ItoE_name, 47.286, Wheel, -90.7, 0.48, 0-1-2, 0
nszw26001_SIghml99oC,2026-01-27_23-04-26,2026-01-27_23-11-25,ItoE_name, 47.302, Wheel, -102.3, 0.53, 1-2, 0
nszw26001_SIghml99oC,2026-01-27_23-04-26,2026-01-27_23-11-25,ItoE_name, 47.319, Wheel, -112.8, 0.58, 1-2, 0
nszw26001_SIghml99oC,2026-01-27_23-04-26,2026-01-27_23-11-25,ItoE_name, 47.336, Wheel, -122.2, 0.62, 1-2, 0
nszw26001_SIghml99oC,2026-01-27_23-04-26,2026-01-27_23-11-25,ItoE_name, 47.353, Wheel, -130.7, 0.66, 1-2, 0
nszw26001_SIghml99oC,2026-01-27_23-04-26,2026-01-27_23-11-25,ItoE_name, 47.369, Wheel, -138.3, 0.69, 1-2, 0
nszw26001_SIghml99oC,2026-01-27_23-04-26,2026-01-27_23-11-25,ItoE_name, 47.386, Wheel, -145.2, 0.72, 1-2, 0
nszw26001_SIghml99oC,2026-01-27_23-04-26,2026-01-27_23-11-25,ItoE_name, 47.402, Wheel, -151.3, 0.75, 1-2, 0
nszw26001_SIghml99oC,2026-01-27_23-04-26,2026-01-27_23-11-25,ItoE_name, 47.419, Wheel, -156.9, 0.77, 1-2, 0
nszw26001_SIghml99oC,2026-01-27_23-04-26,2026-01-27_23-11-25,ItoE_name, 49.403, Wheel, -207.0, 1.00, 2, 0
nszw26001_SIghml99oC,2026-01-27_23-04-26,2026-01-27_23-11-25,ItoE_name, 49.420, Wheel, -207.0, 1.00, 2, 0
nszw26001_SIghml99oC,2026-01-27_23-04-26,2026-01-27_23-11-25,ItoE_name, 49.437, Wheel, -207.0, 1.00, 2, 0
nszw26001_SIghml99oC,2026-01-27_23-04-26,2026-01-27_23-11-25,ItoE_name, 49.453, Wheel, -207.0, 1.00, 2, 0
nszw26001_SIghml99oC,2026-01-27_23-04-26,2026-01-27_23-11-25,ItoE_name, 49.471, Wheel, -207.0, 1.00, 2, 0
nszw26001_SIghml99oC,2026-01-27_23-04-26,2026-01-27_23-11-25,ItoE_name, 49.520, Wheel, -207.0, 1.00, 2, 0
nszw26001_SIghml99oC,2026-01-27_23-04-26,2026-01-27_23-11-25,ItoE_name, 49.537, Wheel, -207.0, 1.00, 2, 0
nszw26001_SIghml99oC,2026-01-27_23-04-26,2026-01-27_23-11-25,ItoE_name, 49.553, Wheel, -207.0, 1.00, 2, 0
nszw26001_SIghml99oC,2026-01-27_23-04-26,2026-01-27_23-11-25,ItoE_name, 49.571, Wheel, -207.0, 1.00, 2, 0
nszw26001_SIghml99oC,2026-01-27_23-04-26,2026-01-27_23-11-25,ItoE_name, 49.587, Wheel, -207.0, 1.00, 2, 0
nszw26001_SIghml99oC,2026-01-27_23-04-26,2026-01-27_23-11-25,ItoE_name, 49.604, Wheel, -207.0, 1.00, 2, 0
nszw26001_SIghml99oC,2026-01-27_23-04-26,2026-01-27_23-11-25,ItoE_name, 49.620, Wheel, -207.0, 1.00, 2, 0
nszw26001_SIghml99oC,2026-01-27_23-04-26,2026-01-27_23-11-25,ItoE_name, 49.637, Wheel, -207.0, 1.00, 2, 0
nszw26001_SIghml99oC,2026-01-27_23-04-26,2026-01-27_23-11-25,ItoE_name, 49.654, Wheel, -207.0, 1.00, 2, 0
nszw26001_SIghml99oC,2026-01-27_23-04-26,2026-01-27_23-11-25,ItoE_name, 49.670, Wheel, -207.0, 1.00, 2, 0
nszw26001_SIghml99oC,2026-01-27_23-04-26,2026-01-27_23-11-25,ItoE_name, 49.687, Wheel, -207.0, 1.00, 2, 0
nszw26001_SIghml99oC,2026-01-27_23-04-26,2026-01-27_23-11-25,ItoE_name, 49.703, Wheel, -207.0, 1.00, 2, 0
nszw26001_SIghml99oC,2026-01-27_23-04-26,2026-01-27_23-11-25,ItoE_name, 49.720, Wheel, -207.0, 1.00, 2, 0
nszw26001_SIghml99oC,2026-01-27_23-04-26,2026-01-27_23-11-25,ItoE_name, 49.737, Wheel, -207.0, 1.00, 2, 0
nszw26001_SIghml99oC,2026-01-27_23-04-26,2026-01-27_23-11-25,ItoE_name, 49.754, Wheel, -207.0, 1.00, 2, 0
nszw26001_SIghml99oC,2026-01-27_23-04-26,2026-01-27_23-11-25,ItoE_name, 49.770, Wheel, -207.0, 1.00, 2, 0
nszw26001_SIghml99oC,2026-01-27_23-04-26,2026-01-27_23-11-25,ItoE_name, 49.787, Wheel, -207.0, 1.00, 2, 0
nszw26001_SIghml99oC,2026-01-27_23-04-26,2026-01-27_23-11-25,ItoE_name, 49.804, Wheel, -207.0, 1.00, 2, 0
nszw26001_SIghml99oC,2026-01-27_23-04-26,2026-01-27_23-11-25,ItoE_name, 49.820, Wheel, -207.0, 1.00, 2, 0
nszw26001_SIghml99oC,2026-01-27_23-04-26,2026-01-27_23-11-25,ItoE_name, 49.837, Wheel, -207.0, 1.00, 2, 0
nszw26001_SIghml99oC,2026-01-27_23-04-26,2026-01-27_23-11-25,ItoE_name, 49.853, Wheel, -207.0, 1.00, 2, 0
nszw26001_SIghml99oC,2026-01-27_23-04-26,2026-01-27_23-11-25,ItoE_name, 49.871, Wheel, -207.0, 1.00, 2, 0
nszw26001_SIghml99oC,2026-01-27_23-04-26,2026-01-27_23-11-25,ItoE_name, 49.887, Wheel, -207.0, 1.00, 2, 0
nszw26001_SIghml99oC,2026-01-27_23-04-26,2026-01-27_23-11-25,ItoE_name, 49.893, Wheel, -207.0, 1.00, 2, 0
nszw26001_SIghml99oC,2026-01-27_23-04-26,2026-01-27_23-11-25,ItoE_name, 49.909, Wheel, -207.0, 1.00, 2, 0
nszw26001_SIghml99oC,2026-01-27_23-04-26,2026-01-27_23-11-25,ItoE_name, 49.926, Wheel, -207.0, 1.00, 2, 0
nszw26001_SIghml99oC,2026-01-27_23-04-26,2026-01-27_23-11-25,ItoE_name, 49.943, Wheel, -207.0, 1.00, 2, 0
nszw26001_SIghml99oC,2026-01-27_23-04-26,2026-01-27_23-11-25,ItoE_name, 49.959, Wheel, -207.0, 1.00, 2, 0
nszw26001_SIghml99oC,2026-01-27_23-04-26,2026-01-27_23-11-25,ItoE_name, 49.976, Wheel, -207.0, 1.00, 2, 0
nszw26001_SIghml99oC,2026-01-27_23-04-26,2026-01-27_23-11-25,ItoE_name, 49.992, Wheel, -207.0, 1.00, 2, 0
nszw26001_SIghml99oC,2026-01-27_23-04-26,2026-01-27_23-11-25,ItoE_name, 50.009, Wheel, -207.0, 1.00, 2, 0
nszw26001_SIghml99oC,2026-01-27_23-04-26,2026-01-27_23-11-25,ItoE_name, 50.026, Wheel, -207.0, 1.00, 2, 0
nszw26001_SIghml99oC,2026-01-27_23-04-26,2026-01-27_23-11-25,ItoE_name, 50.042, Wheel, -207.0, 1.00, 2, 0
nszw26001_SIghml99oC,2026-01-27_23-04-26,2026-01-27_23-11-25,ItoE_name, 50.059, Wheel, -207.0, 1.00, 2, 0
nszw26001_SIghml99oC,2026-01-27_23-04-26,2026-01-27_23-11-25,ItoE_name, 50.076, Wheel, -207.0, 1.00, 2, 0
nszw26001_SIghml99oC,2026-01-27_23-04-26,2026-01-27_23-11-25,ItoE_name, 50.092, Wheel, -207.0, 1.00, 2, 0
nszw26001_SIghml99oC,2026-01-27_23-04-26,2026-01-27_23-11-25,ItoE_name, 50.109, Wheel, -207.0, 1.00, 2, 0
nszw26001_SIghml99oC,2026-01-27_23-04-26,2026-01-27_23-11-25,ItoE_name, 50.126, Wheel, -207.0, 1.00, 2, 0
nszw26001_SIghml99oC,2026-01-27_23-04-26,2026-01-27_23-11-25,ItoE_name, 50.142, Wheel, -207.0, 1.00, 2, 0
nszw26001_SIghml99oC,2026-01-27_23-04-26,2026-01-27_23-11-25,ItoE_name, 56.325, Wheel, -207.0, 0.92, 2, 0
nszw26001_SIghml99oC,2026-01-27_23-04-26,2026-01-27_23-11-25,ItoE_name, 56.342, Wheel, -208.8, 0.93, 2, 0
nszw26001_SIghml99oC,2026-01-27_23-04-26,2026-01-27_23-11-25,ItoE_name, 56.358, Wheel, -210.4, 0.94, 2, 0
nszw26001_SIghml99oC,2026-01-27_23-04-26,2026-01-27_23-11-25,ItoE_name, 56.375, Wheel, -211.8, 0.94, 2, 0
nszw26001_SIghml99oC,2026-01-27_23-04-26,2026-01-27_23-11-25,ItoE_name, 56.392, Wheel, -213.1, 0.95, 2, 0
nszw26001_SIghml99oC,2026-01-27_23-04-26,2026-01-27_23-11-25,ItoE_name, 56.408, Wheel, -214.3, 0.95, 2, 0
nszw26001_SIghml99oC,2026-01-27_23-04-26,2026-01-27_23-11-25,ItoE_name, 56.425, Wheel, -215.4, 0.96, 2, 0
nszw26001_SIghml99oC,2026-01-27_23-04-26,2026-01-27_23-11-25,ItoE_name, 56.442, Wheel, -216.3, 0.96, 2, 0
nszw26001_SIghml99oC,2026-01-27_23-04-26,2026-01-27_23-11-25,ItoE_name, 56.458, Wheel, -217.2, 0.96, 2, 0
nszw26001_SIghml99oC,2026-01-27_23-04-26,2026-01-27_23-11-25,ItoE_name, 56.475, Wheel, -218.0, 0.97, 2, 0
nszw26001_SIghml99oC,2026-01-27_23-04-26,2026-01-27_23-11-25,ItoE_name, 56.491, Wheel, -218.7, 0.97, 2, 0
nszw26001_SIghml99oC,2026-01-27_23-04-26,2026-01-27_23-11-25,ItoE_name, 56.509, Wheel, -219.3, 0.97, 2, 0
nszw26001_SIghml99oC,2026-01-27_23-04-26,2026-01-27_23-11-25,ItoE_name, 56.525, Wheel, -219.9, 0.97, 2, 0
nszw26001_SIghml99oC,2026-01-27_23-04-26,2026-01-27_23-11-25,ItoE_name, 56.542, Wheel, -220.4, 0.98, 2, 0
nszw26001_SIghml99oC,2026-01-27_23-04-26,2026-01-27_23-11-25,ItoE_name, 56.559, Wheel, -220.8, 0.98, 2, 0
nszw26001_SIghml99oC,2026-01-27_23-04-26,2026-01-27_23-11-25,ItoE_name, 56.726, Wheel, -210.5, 0.94, 2, 0
nszw26001_SIghml99oC,2026-01-27_23-04-26,2026-01-27_23-11-25,ItoE_name, 56.742, Wheel, -211.9, 0.94, 2, 0
nszw26001_SIghml99oC,2026-01-27_23-04-26,2026-01-27_23-11-25,ItoE_name, 56.875, Wheel, -219.3, 0.97, 2, 0
nszw26001_SIghml99oC,2026-01-27_23-04-26,2026-01-27_23-11-25,ItoE_name, 56.892, Wheel, -219.9, 0.97, 2, 0
nszw26001_SIghml99oC,2026-01-27_23-04-26,2026-01-27_23-11-25,ItoE_name, 56.909, Wheel, -220.4, 0.98, 2, 0
nszw26001_SIghml99oC,2026-01-27_23-04-26,2026-01-27_23-11-25,ItoE_name, 56.925, Wheel, -220.9, 0.98, 2, 0
nszw26001_SIghml99oC,2026-01-27_23-04-26,2026-01-27_23-11-25,ItoE_name, 56.942, Wheel, -221.3, 0.98, 2, 0
nszw26001_SIghml99oC,2026-01-27_23-04-26,2026-01-27_23-11-25,ItoE_name, 56.959, Wheel, -221.6, 0.98, 2, 0
nszw26001_SIghml99oC,2026-01-27_23-04-26,2026-01-27_23-11-25,ItoE_name, 56.975, Wheel, -222.0, 0.98, 2, 0
nszw26001_SIghml99oC,2026-01-27_23-04-26,2026-01-27_23-11-25,ItoE_name, 56.992, Wheel, -222.3, 0.98, 2, 0
nszw26001_SIghml99oC,2026-01-27_23-04-26,2026-01-27_23-11-25,ItoE_name, 57.008, Wheel, -222.5, 0.99, 2, 0
nszw26001_SIghml99oC,2026-01-27_23-04-26,2026-01-27_23-11-25,ItoE_name, 57.025, Wheel, -222.8, 0.99, 2, 0
nszw26001_SIghml99oC,2026-01-27_23-04-26,2026-01-27_23-11-25,ItoE_name, 57.042, Wheel, -223.0, 0.99, 2, 0
nszw26001_SIghml99oC,2026-01-27_23-04-26,2026-01-27_23-11-25,ItoE_name, 57.059, Wheel, -223.2, 0.99, 2, 0
nszw26001_SIghml99oC,2026-01-27_23-04-26,2026-01-27_23-11-25,ItoE_name, 57.075, Wheel, -223.4, 0.99, 2, 0
nszw26001_SIghml99oC,2026-01-27_23-04-26,2026-01-27_23-11-25,ItoE_name, 57.092, Wheel, -223.5, 0.99, 2, 0
nszw26001_SIghml99oC,2026-01-27_23-04-26,2026-01-27_23-11-25,ItoE_name, 57.109, Wheel, -223.7, 0.99, 2, 0
nszw26001_SIghml99oC,2026-01-27_23-04-26,2026-01-27_23-11-25,ItoE_name, 57.126, Wheel, -223.8, 0.99, 2, 0
nszw26001_SIghml99oC,2026-01-27_23-04-26,2026-01-27_23-11-25,ItoE_name, 57.143, Wheel, -223.9, 0.99, 2, 0
nszw26001_SIghml99oC,2026-01-27_23-04-26,2026-01-27_23-11-25,ItoE_name, 57.159, Wheel, -224.0, 0.99, 2, 0
nszw26001_SIghml99oC,2026-01-27_23-04-26,2026-01-27_23-11-25,ItoE_name, 57.175, Wheel, -224.1, 0.99, 2, 0
nszw26001_SIghml99oC,2026-01-27_23-04-26,2026-01-27_23-11-25,ItoE_name, 57.193, Wheel, -224.2, 0.99, 2, 0
nszw26001_SIghml99oC,2026-01-27_23-04-26,2026-01-27_23-11-25,ItoE_name, 57.209, Wheel, -224.3, 0.99, 2, 0
nszw26001_SIghml99oC,2026-01-27_23-04-26,2026-01-27_23-11-25,ItoE_name, 57.226, Wheel, -224.3, 0.99, 2, 0
nszw26001_SIghml99oC,2026-01-27_23-04-26,2026-01-27_23-11-25,ItoE_name, 57.243, Wheel, -224.4, 0.99, 2, 0
nszw26001_SIghml99oC,2026-01-27_23-04-26,2026-01-27_23-11-25,ItoE_name, 57.260, Wheel, -224.5, 0.99, 2, 0
nszw26001_SIghml99oC,2026-01-27_23-04-26,2026-01-27_23-11-25,ItoE_name, 57.276, Wheel, -224.5, 0.99, 2, 0
nszw26001_SIghml99oC,2026-01-27_23-04-26,2026-01-27_23-11-25,ItoE_name, 57.293, Wheel, -224.5, 0.99, 2, 0
nszw26001_SIghml99oC,2026-01-27_23-04-26,2026-01-27_23-11-25,ItoE_name, 57.310, Wheel, -224.6, 0.99, 2, 0
nszw26001_SIghml99oC,2026-01-27_23-04-26,2026-01-27_23-11-25,ItoE_name, 57.326, Wheel, -224.6, 0.99, 2, 0
nszw26001_SIghml99oC,2026-01-27_23-04-26,2026-01-27_23-11-25,ItoE_name, 57.343, Wheel, -224.7, 0.99, 2, 0
nszw26001_SIghml99oC,2026-01-27_23-04-26,2026-01-27_23-11-25,ItoE_name, 57.360, Wheel, -224.7, 0.99, 2, 0
nszw26001_SIghml99oC,2026-01-27_23-04-26,2026-01-27_23-11-25,ItoE_name, 57.376, Wheel, -224.7, 0.99, 2, 0
nszw26001_SIghml99oC,2026-01-27_23-04-26,2026-01-27_23-11-25,ItoE_name, 57.393, Wheel, -224.7, 0.99, 2, 0
nszw26001_SIghml99oC,2026-01-27_23-04-26,2026-01-27_23-11-25,ItoE_name, 57.442, Wheel, -224.8, 0.99, 2, 0
nszw26001_SIghml99oC,2026-01-27_23-04-26,2026-01-27_23-11-25,ItoE_name, 57.460, Wheel, -224.8, 0.99, 2, 0
nszw26001_SIghml99oC,2026-01-27_23-04-26,2026-01-27_23-11-25,ItoE_name, 57.476, Wheel, -224.8, 0.99, 2, 0
nszw26001_SIghml99oC,2026-01-27_23-04-26,2026-01-27_23-11-25,ItoE_name, 57.492, Wheel, -224.8, 0.99, 2, 0
nszw26001_SIghml99oC,2026-01-27_23-04-26,2026-01-27_23-11-25,ItoE_name, 57.510, Wheel, -224.8, 0.99, 2, 0
nszw26001_SIghml99oC,2026-01-27_23-04-26,2026-01-27_23-11-25,ItoE_name, 57.526, Wheel, -225.0, 1.00, 2, 0
nszw26001_SIghml99oC,2026-01-27_23-04-26,2026-01-27_23-11-25,ItoE_name, 57.542, Wheel, -225.0, 1.00, 2, 0
nszw26001_SIghml99oC,2026-01-27_23-04-26,2026-01-27_23-11-25,ItoE_name, 57.560, Wheel, -225.0, 1.00, 2, 0
nszw26001_SIghml99oC,2026-01-27_23-04-26,2026-01-27_23-11-25,ItoE_name, 57.576, Wheel, -225.0, 1.00, 2, 0
nszw26001_SIghml99oC,2026-01-27_23-04-26,2026-01-27_23-11-25,ItoE_name, 57.593, Wheel, -225.0, 1.00, 2, 0
nszw26001_SIghml99oC,2026-01-27_23-04-26,2026-01-27_23-11-25,ItoE_name, 57.610, Wheel, -225.0, 1.00, 2, 0
nszw26001_SIghml99oC,2026-01-27_23-04-26,2026-01-27_23-11-25,ItoE_name, 57.627, Wheel, -225.0, 1.00, 2, 0
nszw26001_SIghml99oC,2026-01-27_23-04-26,2026-01-27_23-11-25,ItoE_name, 57.643, Wheel, -225.0, 1.00, 2, 0
nszw26001_SIghml99oC,2026-01-27_23-04-26,2026-01-27_23-11-25,ItoE_name, 57.660, Wheel, -225.0, 1.00, 2, 0
nszw26001_SIghml99oC,2026-01-27_23-04-26,2026-01-27_23-11-25,ItoE_name, 59.694, Wheel, -340.0, 1.00, 2-3, 0
nszw26001_SIghml99oC,2026-01-27_23-04-26,2026-01-27_23-11-25,ItoE_name, 59.695, Wheel, -340.0, 1.00, 2-3, 0
nszw26001_SIghml99oC,2026-01-27_23-04-26,2026-01-27_23-11-25,ItoE_name, 59.711, Wheel, -340.0, 1.00, 2-3, 0
nszw26001_SIghml99oC,2026-01-27_23-04-26,2026-01-27_23-11-25,ItoE_name, 59.728, Wheel, -340.0, 1.00, 2-3, 0
nszw26001_SIghml99oC,2026-01-27_23-04-26,2026-01-27_23-11-25,ItoE_name, 59.744, Wheel, -340.0, 1.00, 2-3, 0
nszw26001_SIghml99oC,2026-01-27_23-04-26,2026-01-27_23-11-25,ItoE_name, 59.761, Wheel, -340.0, 1.00, 2-3, 0
nszw26001_SIghml99oC,2026-01-27_23-04-26,2026-01-27_23-11-25,ItoE_name, 59.778, Wheel, -340.0, 1.00, 2-3, 0
nszw26001_SIghml99oC,2026-01-27_23-04-26,2026-01-27_23-11-25,ItoE_name, 59.794, Wheel, -340.0, 1.00, 2-3, 0
nszw26001_SIghml99oC,2026-01-27_23-04-26,2026-01-27_23-11-25,ItoE_name, 59.811, Wheel, -340.0, 1.00, 2-3, 0
nszw26001_SIghml99oC,2026-01-27_23-04-26,2026-01-27_23-11-25,ItoE_name, 59.828, Wheel, -340.0, 1.00, 2-3, 0
nszw26001_SIghml99oC,2026-01-27_23-04-26,2026-01-27_23-11-25,ItoE_name, 59.844, Wheel, -340.0, 1.00, 2-3, 0
nszw26001_SIghml99oC,2026-01-27_23-04-26,2026-01-27_23-11-25,ItoE_name, 59.849, Wheel, -340.0, 1.00, 2-3, 0
nszw26001_SIghml99oC,2026-01-27_23-04-26,2026-01-27_23-11-25,ItoE_name, 59.864, Wheel, -340.0, 1.00, 2-3, 0
nszw26001_SIghml99oC,2026-01-27_23-04-26,2026-01-27_23-11-25,ItoE_name, 59.881, Wheel, -340.0, 1.00, 2-3, 0
nszw26001_SIghml99oC,2026-01-27_23-04-26,2026-01-27_23-11-25,ItoE_name, 59.898, Wheel, -340.0, 1.00, 2-3, 0
nszw26001_SIghml99oC,2026-01-27_23-04-26,2026-01-27_23-11-25,ItoE_name, 59.915, Wheel, -340.0, 1.00, 2-3, 0
nszw26001_SIghml99oC,2026-01-27_23-04-26,2026-01-27_23-11-25,ItoE_name, 59.932, Wheel, -340.0, 1.00, 2-3, 0
nszw26001_SIghml99oC,2026-01-27_23-04-26,2026-01-27_23-11-25,ItoE_name, 59.947, Wheel, -340.0, 1.00, 2-3, 0
nszw26001_SIghml99oC,2026-01-27_23-04-26,2026-01-27_23-11-25,ItoE_name, 59.964, Wheel, -340.0, 1.00, 2-3, 0
nszw26001_SIghml99oC,2026-01-27_23-04-26,2026-01-27_23-11-25,ItoE_name, 59.982, Wheel, -340.0, 1.00, 2-3, 0
nszw26001_SIghml99oC,2026-01-27_23-04-26,2026-01-27_23-11-25,ItoE_name, 59.998, Wheel, -340.0, 1.00, 2-3, 0
nszw26001_SIghml99oC,2026-01-27_23-04-26,2026-01-27_23-11-25,ItoE_name, 60.015, Wheel, -340.0, 1.00, 2-3, 0
nszw26001_SIghml99oC,2026-01-27_23-04-26,2026-01-27_23-11-25,ItoE_name, 60.032, Wheel, -340.0, 1.00, 2-3, 0
nszw26001_SIghml99oC,2026-01-27_23-04-26,2026-01-27_23-11-25,ItoE_name, 60.049, Wheel, -340.0, 1.00, 2-3, 0
nszw26001_SIghml99oC,2026-01-27_23-04-26,2026-01-27_23-11-25,ItoE_name, 60.065, Wheel, -340.0, 1.00, 2-3, 0
nszw26001_SIghml99oC,2026-01-27_23-04-26,2026-01-27_23-11-25,ItoE_name, 60.082, Wheel, -340.0, 1.00, 2-3, 0
nszw26001_SIghml99oC,2026-01-27_23-04-26,2026-01-27_23-11-25,ItoE_name, 60.098, Wheel, -340.0, 1.00, 2-3, 0
nszw26001_SIghml99oC,2026-01-27_23-04-26,2026-01-27_23-11-25,ItoE_name, 60.114, Wheel, -340.0, 1.00, 2-3, 0
nszw26001_SIghml99oC,2026-01-27_23-04-26,2026-01-27_23-11-25,ItoE_name, 60.132, Wheel, -340.0, 1.00, 2-3, 0
nszw26001_SIghml99oC,2026-01-27_23-04-26,2026-01-27_23-11-25,ItoE_name, 60.148, Wheel, -340.0, 1.00, 2-3, 0
nszw26001_SIghml99oC,2026-01-27_23-04-26,2026-01-27_23-11-25,ItoE_name, 60.165, Wheel, -340.0, 1.00, 2-3, 0
nszw26001_SIghml99oC,2026-01-27_23-04-26,2026-01-27_23-11-25,ItoE_name, 60.182, Wheel, -340.0, 1.00, 2-3, 0
nszw26001_SIghml99oC,2026-01-27_23-04-26,2026-01-27_23-11-25,ItoE_name, 60.199, Wheel, -340.0, 1.00, 2-3, 0
nszw26001_SIghml99oC,2026-01-27_23-04-26,2026-01-27_23-11-25,ItoE_name, 60.215, Wheel, -340.0, 1.00, 2-3, 0
nszw26001_SIghml99oC,2026-01-27_23-04-26,2026-01-27_23-11-25,ItoE_name, 60.232, Wheel, -340.0, 1.00, 2-3, 0
nszw26001_SIghml99oC,2026-01-27_23-04-26,2026-01-27_23-11-25,ItoE_name, 60.249, Wheel, -340.0, 1.00, 2-3, 0
nszw26001_SIghml99oC,2026-01-27_23-04-26,2026-01-27_23-11-25,ItoE_name, 60.265, Wheel, -340.0, 1.00, 2-3, 0
nszw26001_SIghml99oC,2026-01-27_23-04-26,2026-01-27_23-11-25,ItoE_name, 60.281, Wheel, -340.0, 1.00, 2-3, 0
nszw26001_SIghml99oC,2026-01-27_23-04-26,2026-01-27_23-11-25,ItoE_name, 60.298, Wheel, -340.0, 1.00, 2-3, 0
nszw26001_SIghml99oC,2026-01-27_23-04-26,2026-01-27_23-11-25,ItoE_name, 60.315, Wheel, -340.0, 1.00, 2-3, 0
nszw26001_SIghml99oC,2026-01-27_23-04-26,2026-01-27_23-11-25,ItoE_name, 60.331, Wheel, -340.0, 1.00, 2-3, 0
nszw26001_SIghml99oC,2026-01-27_23-04-26,2026-01-27_23-11-25,ItoE_name, 60.348, Wheel, -340.0, 1.00, 2-3, 0
nszw26001_SIghml99oC,2026-01-27_23-04-26,2026-01-27_23-11-25,ItoE_name, 60.429, Wheel, -340.0, 1.00, 2-3, 0
nszw26001_SIghml99oC,2026-01-27_23-04-26,2026-01-27_23-11-25,ItoE_name, 60.445, Wheel, -340.0, 1.00, 2-3, 0
nszw26001_SIghml99oC,2026-01-27_23-04-26,2026-01-27_23-11-25,ItoE_name, 60.462, Wheel, -340.0, 1.00, 2-3, 0
nszw26001_SIghml99oC,2026-01-27_23-04-26,2026-01-27_23-11-25,ItoE_name, 60.477, Wheel, -340.0, 1.00, 2-3, 0
nszw26001_SIghml99oC,2026-01-27_23-04-26,2026-01-27_23-11-25,ItoE_name, 60.495, Wheel, -340.0, 1.00, 2-3, 0
nszw26001_SIghml99oC,2026-01-27_23-04-26,2026-01-27_23-11-25,ItoE_name, 60.511, Wheel, -371.5, 0.58, 2-3-4, 0
nszw26001_SIghml99oC,2026-01-27_23-04-26,2026-01-27_23-11-25,ItoE_name, 60.528, Wheel, -399.8, 0.62, 2-3-4, 0
nszw26001_SIghml99oC,2026-01-27_23-04-26,2026-01-27_23-11-25,ItoE_name, 60.544, Wheel, -425.3, 0.65, 2-3-4, 0
nszw26001_SIghml99oC,2026-01-27_23-04-26,2026-01-27_23-11-25,ItoE_name, 60.562, Wheel, -448.3, 0.69, 2-3-4, 0
nszw26001_SIghml99oC,2026-01-27_23-04-26,2026-01-27_23-11-25,ItoE_name, 60.577, Wheel, -468.9, 0.72, 2-3-4, 0
nszw26001_SIghml99oC,2026-01-27_23-04-26,2026-01-27_23-11-25,ItoE_name, 60.594, Wheel, -487.5, 0.75, 2-3-4, 0
nszw26001_SIghml99oC,2026-01-27_23-04-26,2026-01-27_23-11-25,ItoE_name, 60.609, Wheel, -487.5, 0.75, 2-3-4, 0
nszw26001_SIghml99oC,2026-01-27_23-04-26,2026-01-27_23-11-25,ItoE_name, 60.624, Wheel, -504.3, 0.77, 2-3-4, 0
nszw26001_SIghml99oC,2026-01-27_23-04-26,2026-01-27_23-11-25,ItoE_name, 60.641, Wheel, -519.4, 0.79, 2-3-4, 0
nszw26001_SIghml99oC,2026-01-27_23-04-26,2026-01-27_23-11-25,ItoE_name, 60.658, Wheel, -532.9, 0.81, 2-3-4, 0
nszw26001_SIghml99oC,2026-01-27_23-04-26,2026-01-27_23-11-25,ItoE_name, 60.675, Wheel, -545.1, 0.83, 2-3-4, 0
nszw26001_SIghml99oC,2026-01-27_23-04-26,2026-01-27_23-11-25,ItoE_name, 60.691, Wheel, -556.1, 0.85, 2-3-4, 0
nszw26001_SIghml99oC,2026-01-27_23-04-26,2026-01-27_23-11-25,ItoE_name, 60.708, Wheel, -566.0, 0.86, 2-3-4, 0
nszw26001_SIghml99oC,2026-01-27_23-04-26,2026-01-27_23-11-25,ItoE_name, 60.725, Wheel, -574.9, 0.88, 2-3-4, 0
nszw26001_SIghml99oC,2026-01-27_23-04-26,2026-01-27_23-11-25,ItoE_name, 60.741, Wheel, -582.9, 0.89, 3-4, 0
nszw26001_SIghml99oC,2026-01-27_23-04-26,2026-01-27_23-11-25,ItoE_name, 60.758, Wheel, -590.1, 0.90, 3-4, 0
nszw26001_SIghml99oC,2026-01-27_23-04-26,2026-01-27_23-11-25,ItoE_name, 60.775, Wheel, -596.6, 0.91, 3-4, 0
nszw26001_SIghml99oC,2026-01-27_23-04-26,2026-01-27_23-11-25,ItoE_name, 60.791, Wheel, -602.4, 0.92, 3-4, 0
nszw26001_SIghml99oC,2026-01-27_23-04-26,2026-01-27_23-11-25,ItoE_name, 60.808, Wheel, -607.7, 0.92, 3-4, 0
nszw26001_SIghml99oC,2026-01-27_23-04-26,2026-01-27_23-11-25,ItoE_name, 60.825, Wheel, -612.4, 0.93, 3-4, 0
nszw26001_SIghml99oC,2026-01-27_23-04-26,2026-01-27_23-11-25,ItoE_name, 60.841, Wheel, -616.7, 0.94, 3-4, 0
nszw26001_SIghml99oC,2026-01-27_23-04-26,2026-01-27_23-11-25,ItoE_name, 60.858, Wheel, -620.5, 0.94, 3-4, 0
nszw26001_SIghml99oC,2026-01-27_23-04-26,2026-01-27_23-11-25,ItoE_name, 60.875, Wheel, -623.9, 0.95, 3-4, 0
nszw26001_SIghml99oC,2026-01-27_23-04-26,2026-01-27_23-11-25,ItoE_name, 60.891, Wheel, -627.0, 0.95, 3-4, 0
nszw26001_SIghml99oC,2026-01-27_23-04-26,2026-01-27_23-11-25,ItoE_name, 60.908, Wheel, -629.8, 0.96, 3-4, 0
nszw26001_SIghml99oC,2026-01-27_23-04-26,2026-01-27_23-11-25,ItoE_name, 60.925, Wheel, -632.3, 0.96, 3-4, 0
nszw26001_SIghml99oC,2026-01-27_23-04-26,2026-01-27_23-11-25,ItoE_name, 60.941, Wheel, -634.6, 0.96, 3-4, 0
nszw26001_SIghml99oC,2026-01-27_23-04-26,2026-01-27_23-11-25,ItoE_name, 60.958, Wheel, -636.6, 0.97, 3-4, 0
nszw26001_SIghml99oC,2026-01-27_23-04-26,2026-01-27_23-11-25,ItoE_name, 60.975, Wheel, -638.5, 0.97, 3-4, 0
nszw26001_SIghml99oC,2026-01-27_23-04-26,2026-01-27_23-11-25,ItoE_name, 60.991, Wheel, -640.1, 0.97, 3-4, 0
nszw26001_SIghml99oC,2026-01-27_23-04-26,2026-01-27_23-11-25,ItoE_name, 61.008, Wheel, -641.6, 0.98, 3-4, 0
nszw26001_SIghml99oC,2026-01-27_23-04-26,2026-01-27_23-11-25,ItoE_name, 61.025, Wheel, -642.9, 0.98, 3-4, 0
nszw26001_SIghml99oC,2026-01-27_23-04-26,2026-01-27_23-11-25,ItoE_name, 61.041, Wheel, -644.1, 0.98, 3-4, 0
nszw26001_SIghml99oC,2026-01-27_23-04-26,2026-01-27_23-11-25,ItoE_name, 61.058, Wheel, -645.2, 0.98, 3-4, 0
nszw26001_SIghml99oC,2026-01-27_23-04-26,2026-01-27_23-11-25,ItoE_name, 61.075, Wheel, -646.2, 0.98, 3-4, 0
nszw26001_SIghml99oC,2026-01-27_23-04-26,2026-01-27_23-11-25,ItoE_name, 61.091, Wheel, -647.1, 0.98, 3-4, 0
nszw26001_SIghml99oC,2026-01-27_23-04-26,2026-01-27_23-11-25,ItoE_name, 61.108, Wheel, -647.9, 0.98, 3-4, 0
nszw26001_SIghml99oC,2026-01-27_23-04-26,2026-01-27_23-11-25,ItoE_name, 61.125, Wheel, -648.6, 0.99, 3-4, 0
nszw26001_SIghml99oC,2026-01-27_23-04-26,2026-01-27_23-11-25,ItoE_name, 61.141, Wheel, -649.2, 0.99, 3-4, 0
nszw26001_SIghml99oC,2026-01-27_23-04-26,2026-01-27_23-11-25,ItoE_name, 61.175, Wheel, -650.3, 0.99, 3-4, 0
nszw26001_SIghml99oC,2026-01-27_23-04-26,2026-01-27_23-11-25,ItoE_name, 61.191, Wheel, -650.8, 0.99, 3-4, 0
nszw26001_SIghml99oC,2026-01-27_23-04-26,2026-01-27_23-11-25,ItoE_name, 61.225, Wheel, -651.6, 0.99, 3-4, 0
nszw26001_SIghml99oC,2026-01-27_23-04-26,2026-01-27_23-11-25,ItoE_name, 61.829, Wheel, -655.0, 1.00, 3-4, 0
nszw26001_SIghml99oC,2026-01-27_23-04-26,2026-01-27_23-11-25,ItoE_name, 61.845, Wheel, -655.0, 1.00, 3-4, 0
nszw26001_SIghml99oC,2026-01-27_23-04-26,2026-01-27_23-11-25,ItoE_name, 61.864, Wheel, -655.0, 1.00, 3-4, 0
nszw26001_SIghml99oC,2026-01-27_23-04-26,2026-01-27_23-11-25,ItoE_name, 61.879, Wheel, -655.0, 1.00, 3-4, 0
nszw26001_SIghml99oC,2026-01-27_23-04-26,2026-01-27_23-11-25,ItoE_name, 61.896, Wheel, -655.0, 1.00, 3-4, 0
nszw26001_SIghml99oC,2026-01-27_23-04-26,2026-01-27_23-11-25,ItoE_name, 61.912, Wheel, -655.0, 1.00, 3-4, 0
nszw26001_SIghml99oC,2026-01-27_23-04-26,2026-01-27_23-11-25,ItoE_name, 61.929, Wheel, -655.0, 1.00, 3-4, 0
nszw26001_SIghml99oC,2026-01-27_23-04-26,2026-01-27_23-11-25,ItoE_name, 61.946, Wheel, -655.0, 1.00, 3-4, 0
nszw26001_SIghml99oC,2026-01-27_23-04-26,2026-01-27_23-11-25,ItoE_name, 61.963, Wheel, -655.0, 1.00, 3-4, 0
nszw26001_SIghml99oC,2026-01-27_23-04-26,2026-01-27_23-11-25,ItoE_name, 61.979, Wheel, -655.0, 1.00, 3-4, 0
nszw26001_SIghml99oC,2026-01-27_23-04-26,2026-01-27_23-11-25,ItoE_name, 61.996, Wheel, -655.0, 1.00, 3-4, 0
nszw26001_SIghml99oC,2026-01-27_23-04-26,2026-01-27_23-11-25,ItoE_name, 62.013, Wheel, -655.0, 1.00, 3-4, 0
nszw26001_SIghml99oC,2026-01-27_23-04-26,2026-01-27_23-11-25,ItoE_name, 62.029, Wheel, -655.0, 1.00, 3-4, 0
nszw26001_SIghml99oC,2026-01-27_23-04-26,2026-01-27_23-11-25,ItoE_name, 62.046, Wheel, -655.0, 1.00, 3-4, 0
nszw26001_SIghml99oC,2026-01-27_23-04-26,2026-01-27_23-11-25,ItoE_name, 62.062, Wheel, -655.0, 1.00, 3-4, 0
nszw26001_SIghml99oC,2026-01-27_23-04-26,2026-01-27_23-11-25,ItoE_name, 62.065, Wheel, -655.0, 1.00, 3-4, 0
nszw26001_SIghml99oC,2026-01-27_23-04-26,2026-01-27_23-11-25,ItoE_name, 62.081, Wheel, -655.0, 1.00, 3-4, 0
nszw26001_SIghml99oC,2026-01-27_23-04-26,2026-01-27_23-11-25,ItoE_name, 62.097, Wheel, -655.0, 1.00, 3-4, 0
nszw26001_SIghml99oC,2026-01-27_23-04-26,2026-01-27_23-11-25,ItoE_name, 62.114, Wheel, -655.0, 1.00, 3-4, 0
nszw26001_SIghml99oC,2026-01-27_23-04-26,2026-01-27_23-11-25,ItoE_name, 62.130, Wheel, -655.0, 1.00, 3-4, 0
nszw26001_SIghml99oC,2026-01-27_23-04-26,2026-01-27_23-11-25,ItoE_name, 62.147, Wheel, -655.0, 1.00, 3-4, 0
nszw26001_SIghml99oC,2026-01-27_23-04-26,2026-01-27_23-11-25,ItoE_name, 62.164, Wheel, -655.0, 1.00, 3-4, 0
nszw26001_SIghml99oC,2026-01-27_23-04-26,2026-01-27_23-11-25,ItoE_name, 62.181, Wheel, -655.0, 1.00, 3-4, 0
nszw26001_SIghml99oC,2026-01-27_23-04-26,2026-01-27_23-11-25,ItoE_name, 62.197, Wheel, -655.0, 1.00, 3-4, 0
nszw26001_SIghml99oC,2026-01-27_23-04-26,2026-01-27_23-11-25,ItoE_name, 62.214, Wheel, -655.0, 1.00, 3-4, 0
nszw26001_SIghml99oC,2026-01-27_23-04-26,2026-01-27_23-11-25,ItoE_name, 62.231, Wheel, -655.0, 1.00, 3-4, 0
nszw26001_SIghml99oC,2026-01-27_23-04-26,2026-01-27_23-11-25,ItoE_name, 62.247, Wheel, -655.0, 1.00, 3-4, 0
nszw26001_SIghml99oC,2026-01-27_23-04-26,2026-01-27_23-11-25,ItoE_name, 62.264, Wheel, -655.0, 1.00, 3-4, 0
nszw26001_SIghml99oC,2026-01-27_23-04-26,2026-01-27_23-11-25,ItoE_name, 62.281, Wheel, -655.0, 1.00, 3-4, 0
nszw26001_SIghml99oC,2026-01-27_23-04-26,2026-01-27_23-11-25,ItoE_name, 62.297, Wheel, -655.0, 1.00, 3-4, 0
nszw26001_SIghml99oC,2026-01-27_23-04-26,2026-01-27_23-11-25,ItoE_name, 62.313, Wheel, -655.0, 1.00, 3-4, 0
nszw26001_SIghml99oC,2026-01-27_23-04-26,2026-01-27_23-11-25,ItoE_name, 62.332, Wheel, -655.0, 1.00, 3-4, 0
nszw26001_SIghml99oC,2026-01-27_23-04-26,2026-01-27_23-11-25,ItoE_name, 62.347, Wheel, -655.0, 1.00, 3-4, 0
nszw26001_SIghml99oC,2026-01-27_23-04-26,2026-01-27_23-11-25,ItoE_name, 62.364, Wheel, -655.0, 1.00, 3-4, 0
nszw26001_SIghml99oC,2026-01-27_23-04-26,2026-01-27_23-11-25,ItoE_name, 62.380, Wheel, -655.0, 1.00, 3-4, 0
nszw26001_SIghml99oC,2026-01-27_23-04-26,2026-01-27_23-11-25,ItoE_name, 62.397, Wheel, -655.0, 1.00, 3-4, 0
nszw26001_SIghml99oC,2026-01-27_23-04-26,2026-01-27_23-11-25,ItoE_name, 62.413, Wheel, -655.0, 1.00, 3-4, 0
nszw26001_SIghml99oC,2026-01-27_23-04-26,2026-01-27_23-11-25,ItoE_name, 62.430, Wheel, -655.0, 1.00, 3-4, 0
nszw26001_SIghml99oC,2026-01-27_23-04-26,2026-01-27_23-11-25,ItoE_name, 62.447, Wheel, -655.0, 1.00, 3-4, 0
nszw26001_SIghml99oC,2026-01-27_23-04-26,2026-01-27_23-11-25,ItoE_name, 62.464, Wheel, -655.0, 1.00, 3-4, 0
nszw26001_SIghml99oC,2026-01-27_23-04-26,2026-01-27_23-11-25,ItoE_name, 62.480, Wheel, -655.0, 1.00, 3-4, 0
nszw26001_SIghml99oC,2026-01-27_23-04-26,2026-01-27_23-11-25,ItoE_name, 62.497, Wheel, -655.0, 1.00, 3-4, 0
nszw26001_SIghml99oC,2026-01-27_23-04-26,2026-01-27_23-11-25,ItoE_name, 62.513, Wheel, -655.0, 1.00, 3-4, 0
nszw26001_SIghml99oC,2026-01-27_23-04-26,2026-01-27_23-11-25,ItoE_name, 62.530, Wheel, -655.0, 1.00, 3-4, 0
nszw26001_SIghml99oC,2026-01-27_23-04-26,2026-01-27_23-11-25,ItoE_name, 62.547, Wheel, -655.0, 1.00, 3-4, 0
nszw26001_SIghml99oC,2026-01-27_23-04-26,2026-01-27_23-11-25,ItoE_name, 62.563, Wheel, -655.0, 1.00, 3-4, 0
nszw26001_SIghml99oC,2026-01-27_23-04-26,2026-01-27_23-11-25,ItoE_name, 62.580, Wheel, -655.0, 1.00, 3-4, 0
nszw26001_SIghml99oC,2026-01-27_23-04-26,2026-01-27_23-11-25,ItoE_name, 62.597, Wheel, -655.0, 1.00, 3-4, 0
nszw26001_SIghml99oC,2026-01-27_23-04-26,2026-01-27_23-11-25,ItoE_name, 66.883, Wheel, -655.0, 0.97, 3-4, 0
nszw26001_SIghml99oC,2026-01-27_23-04-26,2026-01-27_23-11-25,ItoE_name, 66.935, Wheel, -655.0, 0.97, 3-4, 0
nszw26001_SIghml99oC,2026-01-27_23-04-26,2026-01-27_23-11-25,ItoE_name, 66.938, Wheel, -656.8, 0.97, 3-4, 0
nszw26001_SIghml99oC,2026-01-27_23-04-26,2026-01-27_23-11-25,ItoE_name, 66.950, Wheel, -658.4, 0.97, 3-4, 0
nszw26001_SIghml99oC,2026-01-27_23-04-26,2026-01-27_23-11-25,ItoE_name, 66.964, Wheel, -658.4, 0.97, 3-4, 0
nszw26001_SIghml99oC,2026-01-27_23-04-26,2026-01-27_23-11-25,ItoE_name, 66.982, Wheel, -661.1, 0.98, 4, 0
nszw26001_SIghml99oC,2026-01-27_23-04-26,2026-01-27_23-11-25,ItoE_name, 66.999, Wheel, -662.3, 0.98, 4, 0
nszw26001_SIghml99oC,2026-01-27_23-04-26,2026-01-27_23-11-25,ItoE_name, 67.013, Wheel, -662.3, 0.98, 4, 0
nszw26001_SIghml99oC,2026-01-27_23-04-26,2026-01-27_23-11-25,ItoE_name, 67.029, Wheel, -663.4, 0.98, 4, 0
nszw26001_SIghml99oC,2026-01-27_23-04-26,2026-01-27_23-11-25,ItoE_name, 67.046, Wheel, -664.3, 0.98, 4, 0
nszw26001_SIghml99oC,2026-01-27_23-04-26,2026-01-27_23-11-25,ItoE_name, 67.062, Wheel, -665.2, 0.98, 4, 0
nszw26001_SIghml99oC,2026-01-27_23-04-26,2026-01-27_23-11-25,ItoE_name, 67.079, Wheel, -666.0, 0.98, 4, 0
nszw26001_SIghml99oC,2026-01-27_23-04-26,2026-01-27_23-11-25,ItoE_name, 67.095, Wheel, -666.7, 0.99, 4, 0
nszw26001_SIghml99oC,2026-01-27_23-04-26,2026-01-27_23-11-25,ItoE_name, 67.117, Wheel, -667.9, 0.99, 4, 0
nszw26001_SIghml99oC,2026-01-27_23-04-26,2026-01-27_23-11-25,ItoE_name, 67.134, Wheel, -668.4, 0.99, 4, 0
nszw26001_SIghml99oC,2026-01-27_23-04-26,2026-01-27_23-11-25,ItoE_name, 67.150, Wheel, -668.8, 0.99, 4, 0
nszw26001_SIghml99oC,2026-01-27_23-04-26,2026-01-27_23-11-25,ItoE_name, 67.167, Wheel, -669.2, 0.99, 4, 0
nszw26001_SIghml99oC,2026-01-27_23-04-26,2026-01-27_23-11-25,ItoE_name, 67.183, Wheel, -669.6, 0.99, 4, 0
nszw26001_SIghml99oC,2026-01-27_23-04-26,2026-01-27_23-11-25,ItoE_name, 67.200, Wheel, -669.9, 0.99, 4, 0
nszw26001_SIghml99oC,2026-01-27_23-04-26,2026-01-27_23-11-25,ItoE_name, 67.217, Wheel, -670.2, 0.99, 4, 0
nszw26001_SIghml99oC,2026-01-27_23-04-26,2026-01-27_23-11-25,ItoE_name, 67.234, Wheel, -670.5, 0.99, 4, 0
nszw26001_SIghml99oC,2026-01-27_23-04-26,2026-01-27_23-11-25,ItoE_name, 67.249, Wheel, -670.8, 0.99, 4, 0
nszw26001_SIghml99oC,2026-01-27_23-04-26,2026-01-27_23-11-25,ItoE_name, 67.267, Wheel, -671.0, 0.99, 4, 0
nszw26001_SIghml99oC,2026-01-27_23-04-26,2026-01-27_23-11-25,ItoE_name, 67.283, Wheel, -671.2, 0.99, 4, 0
nszw26001_SIghml99oC,2026-01-27_23-04-26,2026-01-27_23-11-25,ItoE_name, 67.299, Wheel, -671.4, 0.99, 4, 0
nszw26001_SIghml99oC,2026-01-27_23-04-26,2026-01-27_23-11-25,ItoE_name, 67.314, Wheel, -671.4, 0.99, 4, 0
nszw26001_SIghml99oC,2026-01-27_23-04-26,2026-01-27_23-11-25,ItoE_name, 67.333, Wheel, -671.7, 0.99, 4, 0
nszw26001_SIghml99oC,2026-01-27_23-04-26,2026-01-27_23-11-25,ItoE_name, 67.349, Wheel, -671.8, 0.99, 4, 0
nszw26001_SIghml99oC,2026-01-27_23-04-26,2026-01-27_23-11-25,ItoE_name, 67.364, Wheel, -671.8, 0.99, 4, 0
nszw26001_SIghml99oC,2026-01-27_23-04-26,2026-01-27_23-11-25,ItoE_name, 67.380, Wheel, -671.9, 0.99, 4, 0
nszw26001_SIghml99oC,2026-01-27_23-04-26,2026-01-27_23-11-25,ItoE_name, 67.397, Wheel, -672.0, 0.99, 4, 0
nszw26001_SIghml99oC,2026-01-27_23-04-26,2026-01-27_23-11-25,ItoE_name, 67.414, Wheel, -672.1, 0.99, 4, 0
nszw26001_SIghml99oC,2026-01-27_23-04-26,2026-01-27_23-11-25,ItoE_name, 67.430, Wheel, -672.2, 0.99, 4, 0
nszw26001_SIghml99oC,2026-01-27_23-04-26,2026-01-27_23-11-25,ItoE_name, 67.449, Wheel, -672.3, 0.99, 4, 0
nszw26001_SIghml99oC,2026-01-27_23-04-26,2026-01-27_23-11-25,ItoE_name, 67.466, Wheel, -672.4, 0.99, 4, 0
nszw26001_SIghml99oC,2026-01-27_23-04-26,2026-01-27_23-11-25,ItoE_name, 67.480, Wheel, -672.4, 0.99, 4, 0
nszw26001_SIghml99oC,2026-01-27_23-04-26,2026-01-27_23-11-25,ItoE_name, 67.499, Wheel, -672.5, 0.99, 4, 0
nszw26001_SIghml99oC,2026-01-27_23-04-26,2026-01-27_23-11-25,ItoE_name, 67.514, Wheel, -672.5, 0.99, 4, 0
nszw26001_SIghml99oC,2026-01-27_23-04-26,2026-01-27_23-11-25,ItoE_name, 67.533, Wheel, -672.6, 0.99, 4, 0
nszw26001_SIghml99oC,2026-01-27_23-04-26,2026-01-27_23-11-25,ItoE_name, 67.549, Wheel, -672.6, 0.99, 4, 0
nszw26001_SIghml99oC,2026-01-27_23-04-26,2026-01-27_23-11-25,ItoE_name, 67.566, Wheel, -672.7, 0.99, 4, 0
nszw26001_SIghml99oC,2026-01-27_23-04-26,2026-01-27_23-11-25,ItoE_name, 67.582, Wheel, -672.7, 0.99, 4, 0
nszw26001_SIghml99oC,2026-01-27_23-04-26,2026-01-27_23-11-25,ItoE_name, 67.599, Wheel, -672.7, 0.99, 4, 0
nszw26001_SIghml99oC,2026-01-27_23-04-26,2026-01-27_23-11-25,ItoE_name, 67.616, Wheel, -672.7, 0.99, 4, 0
nszw26001_SIghml99oC,2026-01-27_23-04-26,2026-01-27_23-11-25,ItoE_name, 67.630, Wheel, -672.7, 0.99, 4, 0
nszw26001_SIghml99oC,2026-01-27_23-04-26,2026-01-27_23-11-25,ItoE_name, 67.649, Wheel, -672.8, 0.99, 4, 0
nszw26001_SIghml99oC,2026-01-27_23-04-26,2026-01-27_23-11-25,ItoE_name, 67.666, Wheel, -672.8, 0.99, 4, 0
nszw26001_SIghml99oC,2026-01-27_23-04-26,2026-01-27_23-11-25,ItoE_name, 67.683, Wheel, -672.8, 0.99, 4, 0
nszw26001_SIghml99oC,2026-01-27_23-04-26,2026-01-27_23-11-25,ItoE_name, 67.697, Wheel, -672.8, 0.99, 4, 0
nszw26001_SIghml99oC,2026-01-27_23-04-26,2026-01-27_23-11-25,ItoE_name, 67.714, Wheel, -672.8, 0.99, 4, 0
nszw26001_SIghml99oC,2026-01-27_23-04-26,2026-01-27_23-11-25,ItoE_name, 67.731, Wheel, -672.8, 0.99, 4, 0
nszw26001_SIghml99oC,2026-01-27_23-04-26,2026-01-27_23-11-25,ItoE_name, 67.747, Wheel, -672.8, 0.99, 4, 0
nszw26001_SIghml99oC,2026-01-27_23-04-26,2026-01-27_23-11-25,ItoE_name, 67.763, Wheel, -673.0, 1.00, 4, 0
nszw26001_SIghml99oC,2026-01-27_23-04-26,2026-01-27_23-11-25,ItoE_name, 67.780, Wheel, -673.0, 1.00, 4, 0
nszw26001_SIghml99oC,2026-01-27_23-04-26,2026-01-27_23-11-25,ItoE_name, 67.796, Wheel, -673.0, 1.00, 4, 0
nszw26001_SIghml99oC,2026-01-27_23-04-26,2026-01-27_23-11-25,ItoE_name, 67.814, Wheel, -673.0, 1.00, 4, 0
nszw26001_SIghml99oC,2026-01-27_23-04-26,2026-01-27_23-11-25,ItoE_name, 67.831, Wheel, -673.0, 1.00, 4, 0
nszw26001_SIghml99oC,2026-01-27_23-04-26,2026-01-27_23-11-25,ItoE_name, 69.469, Wheel, -810.0, 1.00, 4-5, 0
nszw26001_SIghml99oC,2026-01-27_23-04-26,2026-01-27_23-11-25,ItoE_name, 69.470, Wheel, -810.0, 1.00, 4-5, 0
nszw26001_SIghml99oC,2026-01-27_23-04-26,2026-01-27_23-11-25,ItoE_name, 69.485, Wheel, -810.0, 1.00, 4-5, 0
nszw26001_SIghml99oC,2026-01-27_23-04-26,2026-01-27_23-11-25,ItoE_name, 69.502, Wheel, -810.0, 1.00, 4-5, 0
nszw26001_SIghml99oC,2026-01-27_23-04-26,2026-01-27_23-11-25,ItoE_name, 69.518, Wheel, -810.0, 1.00, 4-5, 0
nszw26001_SIghml99oC,2026-01-27_23-04-26,2026-01-27_23-11-25,ItoE_name, 69.535, Wheel, -810.0, 1.00, 4-5, 0
nszw26001_SIghml99oC,2026-01-27_23-04-26,2026-01-27_23-11-25,ItoE_name, 69.552, Wheel, -810.0, 1.00, 4-5, 0
nszw26001_SIghml99oC,2026-01-27_23-04-26,2026-01-27_23-11-25,ItoE_name, 69.568, Wheel, -810.0, 1.00, 4-5, 0
nszw26001_SIghml99oC,2026-01-27_23-04-26,2026-01-27_23-11-25,ItoE_name, 69.585, Wheel, -810.0, 1.00, 4-5, 0
nszw26001_SIghml99oC,2026-01-27_23-04-26,2026-01-27_23-11-25,ItoE_name, 69.919, Wheel, -810.0, 1.00, 4-5, 0
nszw26001_SIghml99oC,2026-01-27_23-04-26,2026-01-27_23-11-25,ItoE_name, 69.935, Wheel, -810.0, 1.00, 4-5, 0
nszw26001_SIghml99oC,2026-01-27_23-04-26,2026-01-27_23-11-25,ItoE_name, 69.952, Wheel, -810.0, 1.00, 4-5, 0
nszw26001_SIghml99oC,2026-01-27_23-04-26,2026-01-27_23-11-25,ItoE_name, 69.968, Wheel, -810.0, 1.00, 4-5, 0
nszw26001_SIghml99oC,2026-01-27_23-04-26,2026-01-27_23-11-25,ItoE_name, 69.985, Wheel, -810.0, 1.00, 4-5, 0
nszw26001_SIghml99oC,2026-01-27_23-04-26,2026-01-27_23-11-25,ItoE_name, 70.002, Wheel, -810.0, 1.00, 4-5, 0
nszw26001_SIghml99oC,2026-01-27_23-04-26,2026-01-27_23-11-25,ItoE_name, 70.018, Wheel, -810.0, 1.00, 4-5, 0
nszw26001_SIghml99oC,2026-01-27_23-04-26,2026-01-27_23-11-25,ItoE_name, 70.036, Wheel, -810.0, 1.00, 4-5, 0
nszw26001_SIghml99oC,2026-01-27_23-04-26,2026-01-27_23-11-25,ItoE_name, 70.052, Wheel, -810.0, 1.00, 4-5, 0
nszw26001_SIghml99oC,2026-01-27_23-04-26,2026-01-27_23-11-25,ItoE_name, 70.069, Wheel, -810.0, 1.00, 4-5, 0
nszw26001_SIghml99oC,2026-01-27_23-04-26,2026-01-27_23-11-25,ItoE_name, 70.085, Wheel, -810.0, 1.00, 4-5, 0
nszw26001_SIghml99oC,2026-01-27_23-04-26,2026-01-27_23-11-25,ItoE_name, 70.102, Wheel, -810.0, 1.00, 4-5, 0
nszw26001_SIghml99oC,2026-01-27_23-04-26,2026-01-27_23-11-25,ItoE_name, 70.119, Wheel, -810.0, 1.00, 4-5, 0
nszw26001_SIghml99oC,2026-01-27_23-04-26,2026-01-27_23-11-25,ItoE_name, 70.135, Wheel, -810.0, 1.00, 4-5, 0
nszw26001_SIghml99oC,2026-01-27_23-04-26,2026-01-27_23-11-25,ItoE_name, 70.152, Wheel, -810.0, 1.00, 4-5, 0
nszw26001_SIghml99oC,2026-01-27_23-04-26,2026-01-27_23-11-25,ItoE_name, 70.168, Wheel, -810.0, 1.00, 4-5, 0
nszw26001_SIghml99oC,2026-01-27_23-04-26,2026-01-27_23-11-25,ItoE_name, 70.182, Wheel, -810.0, 1.00, 4-5, 0
nszw26001_SIghml99oC,2026-01-27_23-04-26,2026-01-27_23-11-25,ItoE_name, 70.199, Wheel, -810.0, 1.00, 4-5, 0
nszw26001_SIghml99oC,2026-01-27_23-04-26,2026-01-27_23-11-25,ItoE_name, 70.211, Wheel, -810.0, 1.00, 4-5, 0
nszw26001_SIghml99oC,2026-01-27_23-04-26,2026-01-27_23-11-25,ItoE_name, 70.226, Wheel, -810.0, 1.00, 4-5, 0
nszw26001_SIghml99oC,2026-01-27_23-04-26,2026-01-27_23-11-25,ItoE_name, 70.243, Wheel, -843.7, 0.74, 4-5-6, 0
nszw26001_SIghml99oC,2026-01-27_23-04-26,2026-01-27_23-11-25,ItoE_name, 70.260, Wheel, -874.0, 0.76, 4-5-6, 0
nszw26001_SIghml99oC,2026-01-27_23-04-26,2026-01-27_23-11-25,ItoE_name, 70.277, Wheel, -901.3, 0.78, 4-5-6, 0
nszw26001_SIghml99oC,2026-01-27_23-04-26,2026-01-27_23-11-25,ItoE_name, 70.293, Wheel, -925.8, 0.81, 4-5-6, 0
nszw26001_SIghml99oC,2026-01-27_23-04-26,2026-01-27_23-11-25,ItoE_name, 70.310, Wheel, -948.0, 0.82, 4-5-6, 0
nszw26001_SIghml99oC,2026-01-27_23-04-26,2026-01-27_23-11-25,ItoE_name, 70.327, Wheel, -967.9, 0.84, 4-5-6, 0
nszw26001_SIghml99oC,2026-01-27_23-04-26,2026-01-27_23-11-25,ItoE_name, 70.343, Wheel, -985.8, 0.86, 4-5-6, 0
nszw26001_SIghml99oC,2026-01-27_23-04-26,2026-01-27_23-11-25,ItoE_name, 70.360, Wheel, -1001.9, 0.87, 4-5-6, 0
nszw26001_SIghml99oC,2026-01-27_23-04-26,2026-01-27_23-11-25,ItoE_name, 70.377, Wheel, -1016.4, 0.88, 4-5-6, 0
nszw26001_SIghml99oC,2026-01-27_23-04-26,2026-01-27_23-11-25,ItoE_name, 70.393, Wheel, -1029.4, 0.89, 4-5-6, 0
nszw26001_SIghml99oC,2026-01-27_23-04-26,2026-01-27_23-11-25,ItoE_name, 70.410, Wheel, -1041.2, 0.90, 5-6, 0
nszw26001_SIghml99oC,2026-01-27_23-04-26,2026-01-27_23-11-25,ItoE_name, 70.427, Wheel, -1051.8, 0.91, 5-6, 0
nszw26001_SIghml99oC,2026-01-27_23-04-26,2026-01-27_23-11-25,ItoE_name, 70.443, Wheel, -1061.3, 0.92, 5-6, 0
nszw26001_SIghml99oC,2026-01-27_23-04-26,2026-01-27_23-11-25,ItoE_name, 70.460, Wheel, -1069.9, 0.93, 5-6, 0
nszw26001_SIghml99oC,2026-01-27_23-04-26,2026-01-27_23-11-25,ItoE_name, 70.477, Wheel, -1077.6, 0.94, 5-6, 0
nszw26001_SIghml99oC,2026-01-27_23-04-26,2026-01-27_23-11-25,ItoE_name, 70.493, Wheel, -1084.5, 0.94, 5-6, 0
nszw26001_SIghml99oC,2026-01-27_23-04-26,2026-01-27_23-11-25,ItoE_name, 70.510, Wheel, -1090.7, 0.95, 5-6, 0
nszw26001_SIghml99oC,2026-01-27_23-04-26,2026-01-27_23-11-25,ItoE_name, 70.527, Wheel, -1096.4, 0.95, 5-6, 0
nszw26001_SIghml99oC,2026-01-27_23-04-26,2026-01-27_23-11-25,ItoE_name, 70.543, Wheel, -1101.4, 0.96, 5-6, 0
nszw26001_SIghml99oC,2026-01-27_23-04-26,2026-01-27_23-11-25,ItoE_name, 70.560, Wheel, -1106.0, 0.96, 5-6, 0
nszw26001_SIghml99oC,2026-01-27_23-04-26,2026-01-27_23-11-25,ItoE_name, 70.577, Wheel, -1110.1, 0.96, 5-6, 0
nszw26001_SIghml99oC,2026-01-27_23-04-26,2026-01-27_23-11-25,ItoE_name, 70.593, Wheel, -1113.8, 0.97, 5-6, 0
nszw26001_SIghml99oC,2026-01-27_23-04-26,2026-01-27_23-11-25,ItoE_name, 70.610, Wheel, -1117.1, 0.97, 5-6, 0
nszw26001_SIghml99oC,2026-01-27_23-04-26,2026-01-27_23-11-25,ItoE_name, 70.643, Wheel, -1122.8, 0.97, 5-6, 0
nszw26001_SIghml99oC,2026-01-27_23-04-26,2026-01-27_23-11-25,ItoE_name, 70.660, Wheel, -1125.2, 0.98, 5-6, 0
nszw26001_SIghml99oC,2026-01-27_23-04-26,2026-01-27_23-11-25,ItoE_name, 70.676, Wheel, -1127.4, 0.98, 5-6, 0
nszw26001_SIghml99oC,2026-01-27_23-04-26,2026-01-27_23-11-25,ItoE_name, 77.241, Wheel, -1147.0, 0.98, 6, 0
nszw26001_SIghml99oC,2026-01-27_23-04-26,2026-01-27_23-11-25,ItoE_name, 77.257, Wheel, -1148.8, 0.98, 6, 0
nszw26001_SIghml99oC,2026-01-27_23-04-26,2026-01-27_23-11-25,ItoE_name, 77.274, Wheel, -1150.4, 0.98, 6, 0
nszw26001_SIghml99oC,2026-01-27_23-04-26,2026-01-27_23-11-25,ItoE_name, 77.290, Wheel, -1151.8, 0.98, 6, 0
nszw26001_SIghml99oC,2026-01-27_23-04-26,2026-01-27_23-11-25,ItoE_name, 77.308, Wheel, -1153.1, 0.99, 6, 0
nszw26001_SIghml99oC,2026-01-27_23-04-26,2026-01-27_23-11-25,ItoE_name, 77.324, Wheel, -1154.3, 0.99, 6, 0
nszw26001_SIghml99oC,2026-01-27_23-04-26,2026-01-27_23-11-25,ItoE_name, 77.341, Wheel, -1155.4, 0.99, 6, 0
nszw26001_SIghml99oC,2026-01-27_23-04-26,2026-01-27_23-11-25,ItoE_name, 77.390, Wheel, -1158.0, 0.99, 6, 0
nszw26001_SIghml99oC,2026-01-27_23-04-26,2026-01-27_23-11-25,ItoE_name, 77.425, Wheel, -1159.3, 0.99, 6, 0
nszw26001_SIghml99oC,2026-01-27_23-04-26,2026-01-27_23-11-25,ItoE_name, 77.592, Wheel, -1163.0, 0.99, 6, 0
nszw26001_SIghml99oC,2026-01-27_23-04-26,2026-01-27_23-11-25,ItoE_name, 77.608, Wheel, -1163.2, 0.99, 6, 0
nszw26001_SIghml99oC,2026-01-27_23-04-26,2026-01-27_23-11-25,ItoE_name, 77.625, Wheel, -1163.4, 0.99, 6, 0
nszw26001_SIghml99oC,2026-01-27_23-04-26,2026-01-27_23-11-25,ItoE_name, 77.642, Wheel, -1163.5, 0.99, 6, 0
nszw26001_SIghml99oC,2026-01-27_23-04-26,2026-01-27_23-11-25,ItoE_name, 77.658, Wheel, -1163.7, 0.99, 6, 0
nszw26001_SIghml99oC,2026-01-27_23-04-26,2026-01-27_23-11-25,ItoE_name, 77.675, Wheel, -1163.8, 0.99, 6, 0
nszw26001_SIghml99oC,2026-01-27_23-04-26,2026-01-27_23-11-25,ItoE_name, 77.691, Wheel, -1163.9, 0.99, 6, 0
nszw26001_SIghml99oC,2026-01-27_23-04-26,2026-01-27_23-11-25,ItoE_name, 77.708, Wheel, -1164.0, 0.99, 6, 0
nszw26001_SIghml99oC,2026-01-27_23-04-26,2026-01-27_23-11-25,ItoE_name, 77.725, Wheel, -1164.1, 0.99, 6, 0
nszw26001_SIghml99oC,2026-01-27_23-04-26,2026-01-27_23-11-25,ItoE_name, 77.742, Wheel, -1164.2, 0.99, 6, 0
nszw26001_SIghml99oC,2026-01-27_23-04-26,2026-01-27_23-11-25,ItoE_name, 77.758, Wheel, -1164.3, 0.99, 6, 0
nszw26001_SIghml99oC,2026-01-27_23-04-26,2026-01-27_23-11-25,ItoE_name, 77.775, Wheel, -1164.3, 0.99, 6, 0
nszw26001_SIghml99oC,2026-01-27_23-04-26,2026-01-27_23-11-25,ItoE_name, 77.791, Wheel, -1164.4, 0.99, 6, 0
nszw26001_SIghml99oC,2026-01-27_23-04-26,2026-01-27_23-11-25,ItoE_name, 77.807, Wheel, -1164.4, 0.99, 6, 0
nszw26001_SIghml99oC,2026-01-27_23-04-26,2026-01-27_23-11-25,ItoE_name, 77.825, Wheel, -1164.5, 0.99, 6, 0
nszw26001_SIghml99oC,2026-01-27_23-04-26,2026-01-27_23-11-25,ItoE_name, 77.842, Wheel, -1164.5, 0.99, 6, 0
nszw26001_SIghml99oC,2026-01-27_23-04-26,2026-01-27_23-11-25,ItoE_name, 77.858, Wheel, -1162.6, 0.99, 6, 0
nszw26001_SIghml99oC,2026-01-27_23-04-26,2026-01-27_23-11-25,ItoE_name, 77.875, Wheel, -1162.8, 0.99, 6, 0
nszw26001_SIghml99oC,2026-01-27_23-04-26,2026-01-27_23-11-25,ItoE_name, 77.892, Wheel, -1163.0, 0.99, 6, 0
nszw26001_SIghml99oC,2026-01-27_23-04-26,2026-01-27_23-11-25,ItoE_name, 78.009, Wheel, -1153.6, 0.99, 6, 0
nszw26001_SIghml99oC,2026-01-27_23-04-26,2026-01-27_23-11-25,ItoE_name, 78.025, Wheel, -1154.7, 0.99, 6, 0
nszw26001_SIghml99oC,2026-01-27_23-04-26,2026-01-27_23-11-25,ItoE_name, 78.042, Wheel, -1155.8, 0.99, 6, 0
nszw26001_SIghml99oC,2026-01-27_23-04-26,2026-01-27_23-11-25,ItoE_name, 78.058, Wheel, -1156.7, 0.99, 6, 0
nszw26001_SIghml99oC,2026-01-27_23-04-26,2026-01-27_23-11-25,ItoE_name, 78.075, Wheel, -1157.5, 0.99, 6, 0
nszw26001_SIghml99oC,2026-01-27_23-04-26,2026-01-27_23-11-25,ItoE_name, 78.092, Wheel, -1158.2, 0.99, 6, 0
nszw26001_SIghml99oC,2026-01-27_23-04-26,2026-01-27_23-11-25,ItoE_name, 78.109, Wheel, -1158.9, 0.99, 6, 0
nszw26001_SIghml99oC,2026-01-27_23-04-26,2026-01-27_23-11-25,ItoE_name, 78.125, Wheel, -1159.5, 0.99, 6, 0
nszw26001_SIghml99oC,2026-01-27_23-04-26,2026-01-27_23-11-25,ItoE_name, 78.142, Wheel, -1160.1, 0.99, 6, 0
nszw26001_SIghml99oC,2026-01-27_23-04-26,2026-01-27_23-11-25,ItoE_name, 78.159, Wheel, -1160.6, 0.99, 6, 0
nszw26001_SIghml99oC,2026-01-27_23-04-26,2026-01-27_23-11-25,ItoE_name, 78.175, Wheel, -1161.0, 0.99, 6, 0
nszw26001_SIghml99oC,2026-01-27_23-04-26,2026-01-27_23-11-25,ItoE_name, 78.192, Wheel, -1161.4, 0.99, 6, 0
nszw26001_SIghml99oC,2026-01-27_23-04-26,2026-01-27_23-11-25,ItoE_name, 78.208, Wheel, -1161.7, 0.99, 6, 0
nszw26001_SIghml99oC,2026-01-27_23-04-26,2026-01-27_23-11-25,ItoE_name, 78.225, Wheel, -1162.1, 0.99, 6, 0
nszw26001_SIghml99oC,2026-01-27_23-04-26,2026-01-27_23-11-25,ItoE_name, 78.242, Wheel, -1162.4, 0.99, 6, 0
nszw26001_SIghml99oC,2026-01-27_23-04-26,2026-01-27_23-11-25,ItoE_name, 78.259, Wheel, -1162.6, 0.99, 6, 0
nszw26001_SIghml99oC,2026-01-27_23-04-26,2026-01-27_23-11-25,ItoE_name, 78.275, Wheel, -1162.8, 0.99, 6, 0
nszw26001_SIghml99oC,2026-01-27_23-04-26,2026-01-27_23-11-25,ItoE_name, 78.276, Wheel, -1162.8, 0.99, 6, 0
nszw26001_SIghml99oC,2026-01-27_23-04-26,2026-01-27_23-11-25,ItoE_name, 78.292, Wheel, -1163.1, 0.99, 6, 0
nszw26001_SIghml99oC,2026-01-27_23-04-26,2026-01-27_23-11-25,ItoE_name, 78.309, Wheel, -1163.2, 0.99, 6, 0
nszw26001_SIghml99oC,2026-01-27_23-04-26,2026-01-27_23-11-25,ItoE_name, 78.324, Wheel, -1163.4, 0.99, 6, 0
nszw26001_SIghml99oC,2026-01-27_23-04-26,2026-01-27_23-11-25,ItoE_name, 78.342, Wheel, -1163.6, 0.99, 6, 0
nszw26001_SIghml99oC,2026-01-27_23-04-26,2026-01-27_23-11-25,ItoE_name, 78.359, Wheel, -1163.7, 0.99, 6, 0
nszw26001_SIghml99oC,2026-01-27_23-04-26,2026-01-27_23-11-25,ItoE_name, 78.375, Wheel, -1163.8, 0.99, 6, 0
nszw26001_SIghml99oC,2026-01-27_23-04-26,2026-01-27_23-11-25,ItoE_name, 78.392, Wheel, -1163.9, 0.99, 6, 0
nszw26001_SIghml99oC,2026-01-27_23-04-26,2026-01-27_23-11-25,ItoE_name, 78.408, Wheel, -1164.0, 0.99, 6, 0
nszw26001_SIghml99oC,2026-01-27_23-04-26,2026-01-27_23-11-25,ItoE_name, 78.426, Wheel, -1164.1, 0.99, 6, 0
nszw26001_SIghml99oC,2026-01-27_23-04-26,2026-01-27_23-11-25,ItoE_name, 78.441, Wheel, -1164.2, 0.99, 6, 0
nszw26001_SIghml99oC,2026-01-27_23-04-26,2026-01-27_23-11-25,ItoE_name, 78.459, Wheel, -1164.3, 0.99, 6, 0
nszw26001_SIghml99oC,2026-01-27_23-04-26,2026-01-27_23-11-25,ItoE_name, 78.475, Wheel, -1164.4, 0.99, 6, 0
nszw26001_SIghml99oC,2026-01-27_23-04-26,2026-01-27_23-11-25,ItoE_name, 78.492, Wheel, -1164.4, 0.99, 6, 0
nszw26001_SIghml99oC,2026-01-27_23-04-26,2026-01-27_23-11-25,ItoE_name, 78.509, Wheel, -1164.5, 0.99, 6, 0
nszw26001_SIghml99oC,2026-01-27_23-04-26,2026-01-27_23-11-25,ItoE_name, 78.526, Wheel, -1164.5, 0.99, 6, 0
nszw26001_SIghml99oC,2026-01-27_23-04-26,2026-01-27_23-11-25,ItoE_name, 78.542, Wheel, -1164.6, 0.99, 6, 0
nszw26001_SIghml99oC,2026-01-27_23-04-26,2026-01-27_23-11-25,ItoE_name, 78.559, Wheel, -1164.6, 0.99, 6, 0
nszw26001_SIghml99oC,2026-01-27_23-04-26,2026-01-27_23-11-25,ItoE_name, 78.576, Wheel, -1164.6, 0.99, 6, 0
nszw26001_SIghml99oC,2026-01-27_23-04-26,2026-01-27_23-11-25,ItoE_name, 78.592, Wheel, -1164.7, 0.99, 6, 0
nszw26001_SIghml99oC,2026-01-27_23-04-26,2026-01-27_23-11-25,ItoE_name, 78.609, Wheel, -1164.7, 0.99, 6, 0
nszw26001_SIghml99oC,2026-01-27_23-04-26,2026-01-27_23-11-25,ItoE_name, 78.626, Wheel, -1164.7, 0.99, 6, 0
nszw26001_SIghml99oC,2026-01-27_23-04-26,2026-01-27_23-11-25,ItoE_name, 78.642, Wheel, -1164.7, 0.99, 6, 0
nszw26001_SIghml99oC,2026-01-27_23-04-26,2026-01-27_23-11-25,ItoE_name, 78.659, Wheel, -1164.8, 0.99, 6, 0
nszw26001_SIghml99oC,2026-01-27_23-04-26,2026-01-27_23-11-25,ItoE_name, 78.676, Wheel, -1164.8, 0.99, 6, 0
nszw26001_SIghml99oC,2026-01-27_23-04-26,2026-01-27_23-11-25,ItoE_name, 78.709, Wheel, -1164.8, 0.99, 6, 0
nszw26001_SIghml99oC,2026-01-27_23-04-26,2026-01-27_23-11-25,ItoE_name, 78.726, Wheel, -1164.8, 0.99, 6, 0
nszw26001_SIghml99oC,2026-01-27_23-04-26,2026-01-27_23-11-25,ItoE_name, 78.742, Wheel, -1164.8, 0.99, 6, 0
nszw26001_SIghml99oC,2026-01-27_23-04-26,2026-01-27_23-11-25,ItoE_name, 78.842, Wheel, -1165.0, 1.00, 6, 0
nszw26001_SIghml99oC,2026-01-27_23-04-26,2026-01-27_23-11-25,ItoE_name, 78.896, Wheel, -1165.0, 1.00, 6, 0
nszw26001_SIghml99oC,2026-01-27_23-04-26,2026-01-27_23-11-25,ItoE_name, 78.897, Wheel, -1165.0, 1.00, 6, 0
nszw26001_SIghml99oC,2026-01-27_23-04-26,2026-01-27_23-11-25,ItoE_name, 78.909, Wheel, -1165.0, 1.00, 6, 0
nszw26001_SIghml99oC,2026-01-27_23-04-26,2026-01-27_23-11-25,ItoE_name, 78.918, Wheel, -1165.0, 1.00, 6, 0
nszw26001_SIghml99oC,2026-01-27_23-04-26,2026-01-27_23-11-25,ItoE_name, 78.934, Wheel, -1165.0, 1.00, 6, 0
nszw26001_SIghml99oC,2026-01-27_23-04-26,2026-01-27_23-11-25,ItoE_name, 78.950, Wheel, -1165.0, 1.00, 6, 0
nszw26001_SIghml99oC,2026-01-27_23-04-26,2026-01-27_23-11-25,ItoE_name, 78.967, Wheel, -1165.0, 1.00, 6, 0
nszw26001_SIghml99oC,2026-01-27_23-04-26,2026-01-27_23-11-25,ItoE_name, 78.984, Wheel, -1165.0, 1.00, 6, 0
nszw26001_SIghml99oC,2026-01-27_23-04-26,2026-01-27_23-11-25,ItoE_name, 79.000, Wheel, -1165.0, 1.00, 6, 0
nszw26001_SIghml99oC,2026-01-27_23-04-26,2026-01-27_23-11-25,ItoE_name, 79.016, Wheel, -1165.0, 1.00, 6, 0
nszw26001_SIghml99oC,2026-01-27_23-04-26,2026-01-27_23-11-25,ItoE_name, 79.034, Wheel, -1165.0, 1.00, 6, 0
nszw26001_SIghml99oC,2026-01-27_23-04-26,2026-01-27_23-11-25,ItoE_name, 79.050, Wheel, -1165.0, 1.00, 6, 0
nszw26001_SIghml99oC,2026-01-27_23-04-26,2026-01-27_23-11-25,ItoE_name, 79.066, Wheel, -1165.0, 1.00, 6, 0
nszw26001_SIghml99oC,2026-01-27_23-04-26,2026-01-27_23-11-25,ItoE_name, 79.084, Wheel, -1165.0, 1.00, 6, 0
nszw26001_SIghml99oC,2026-01-27_23-04-26,2026-01-27_23-11-25,ItoE_name, 79.100, Wheel, -1165.0, 1.00, 6, 0
nszw26001_SIghml99oC,2026-01-27_23-04-26,2026-01-27_23-11-25,ItoE_name, 79.117, Wheel, -1165.0, 1.00, 6, 0
nszw26001_SIghml99oC,2026-01-27_23-04-26,2026-01-27_23-11-25,ItoE_name, 79.134, Wheel, -1165.0, 1.00, 6, 0
nszw26001_SIghml99oC,2026-01-27_23-04-26,2026-01-27_23-11-25,ItoE_name, 79.150, Wheel, -1165.0, 1.00, 6, 0
nszw26001_SIghml99oC,2026-01-27_23-04-26,2026-01-27_23-11-25,ItoE_name, 79.167, Wheel, -1165.0, 1.00, 6, 0
nszw26001_SIghml99oC,2026-01-27_23-04-26,2026-01-27_23-11-25,ItoE_name, 79.184, Wheel, -1165.0, 1.00, 6, 0
nszw26001_SIghml99oC,2026-01-27_23-04-26,2026-01-27_23-11-25,ItoE_name, 79.200, Wheel, -1165.0, 1.00, 6, 0
nszw26001_SIghml99oC,2026-01-27_23-04-26,2026-01-27_23-11-25,ItoE_name, 87.416, Wheel, -1661.0, 1.00, 8, 0
nszw26001_SIghml99oC,2026-01-27_23-04-26,2026-01-27_23-11-25,ItoE_name, 87.469, Wheel, -1661.0, 1.00, 8, 0
nszw26001_SIghml99oC,2026-01-27_23-04-26,2026-01-27_23-11-25,ItoE_name, 87.482, Wheel, -1661.0, 1.00, 8, 0
nszw26001_SIghml99oC,2026-01-27_23-04-26,2026-01-27_23-11-25,ItoE_name, 87.499, Wheel, -1661.0, 1.00, 8, 0
nszw26001_SIghml99oC,2026-01-27_23-04-26,2026-01-27_23-11-25,ItoE_name, 87.515, Wheel, -1661.0, 1.00, 8, 0
nszw26001_SIghml99oC,2026-01-27_23-04-26,2026-01-27_23-11-25,ItoE_name, 87.531, Wheel, -1661.0, 1.00, 8, 0
nszw26001_SIghml99oC,2026-01-27_23-04-26,2026-01-27_23-11-25,ItoE_name, 87.548, Wheel, -1661.0, 1.00, 8, 0
nszw26001_SIghml99oC,2026-01-27_23-04-26,2026-01-27_23-11-25,ItoE_name, 87.564, Wheel, -1661.0, 1.00, 8, 0
nszw26001_SIghml99oC,2026-01-27_23-04-26,2026-01-27_23-11-25,ItoE_name, 87.582, Wheel, -1661.0, 1.00, 8, 0
nszw26001_SIghml99oC,2026-01-27_23-04-26,2026-01-27_23-11-25,ItoE_name, 87.598, Wheel, -1661.0, 1.00, 8, 0
nszw26001_SIghml99oC,2026-01-27_23-04-26,2026-01-27_23-11-25,ItoE_name, 87.616, Wheel, -1661.0, 1.00, 8, 0
nszw26001_SIghml99oC,2026-01-27_23-04-26,2026-01-27_23-11-25,ItoE_name, 87.631, Wheel, -1661.0, 1.00, 8, 0
nszw26001_SIghml99oC,2026-01-27_23-04-26,2026-01-27_23-11-25,ItoE_name, 87.636, Wheel, -1661.0, 1.00, 8, 0
nszw26001_SIghml99oC,2026-01-27_23-04-26,2026-01-27_23-11-25,ItoE_name, 87.651, Wheel, -1661.0, 1.00, 8, 0
nszw26001_SIghml99oC,2026-01-27_23-04-26,2026-01-27_23-11-25,ItoE_name, 87.668, Wheel, -1661.0, 1.00, 8, 0
nszw26001_SIghml99oC,2026-01-27_23-04-26,2026-01-27_23-11-25,ItoE_name, 87.684, Wheel, -1661.0, 1.00, 8, 0
nszw26001_SIghml99oC,2026-01-27_23-04-26,2026-01-27_23-11-25,ItoE_name, 87.701, Wheel, -1661.0, 1.00, 8, 0
nszw26001_SIghml99oC,2026-01-27_23-04-26,2026-01-27_23-11-25,ItoE_name, 87.718, Wheel, -1661.0, 1.00, 8, 0
nszw26001_SIghml99oC,2026-01-27_23-04-26,2026-01-27_23-11-25,ItoE_name, 87.735, Wheel, -1661.0, 1.00, 8, 0
nszw26001_SIghml99oC,2026-01-27_23-04-26,2026-01-27_23-11-25,ItoE_name, 87.751, Wheel, -1661.0, 1.00, 8, 0
nszw26001_SIghml99oC,2026-01-27_23-04-26,2026-01-27_23-11-25,ItoE_name, 87.768, Wheel, -1661.0, 1.00, 8, 0
nszw26001_SIghml99oC,2026-01-27_23-04-26,2026-01-27_23-11-25,ItoE_name, 87.784, Wheel, -1661.0, 1.00, 8, 0
nszw26001_SIghml99oC,2026-01-27_23-04-26,2026-01-27_23-11-25,ItoE_name, 87.802, Wheel, -1661.0, 1.00, 8, 0
nszw26001_SIghml99oC,2026-01-27_23-04-26,2026-01-27_23-11-25,ItoE_name, 87.817, Wheel, -1661.0, 1.00, 8, 0
nszw26001_SIghml99oC,2026-01-27_23-04-26,2026-01-27_23-11-25,ItoE_name, 87.834, Wheel, -1661.0, 1.00, 8, 0
nszw26001_SIghml99oC,2026-01-27_23-04-26,2026-01-27_23-11-25,ItoE_name, 87.851, Wheel, -1661.0, 1.00, 8, 0
nszw26001_SIghml99oC,2026-01-27_23-04-26,2026-01-27_23-11-25,ItoE_name, 87.869, Wheel, -1661.0, 1.00, 8, 0
nszw26001_SIghml99oC,2026-01-27_23-04-26,2026-01-27_23-11-25,ItoE_name, 87.885, Wheel, -1661.0, 1.00, 8, 0
nszw26001_SIghml99oC,2026-01-27_23-04-26,2026-01-27_23-11-25,ItoE_name, 87.902, Wheel, -1661.0, 1.00, 8, 0
nszw26001_SIghml99oC,2026-01-27_23-04-26,2026-01-27_23-11-25,ItoE_name, 87.918, Wheel, -1661.0, 1.00, 8, 0
nszw26001_SIghml99oC,2026-01-27_23-04-26,2026-01-27_23-11-25,ItoE_name, 87.934, Wheel, -1661.0, 1.00, 8, 0
nszw26001_SIghml99oC,2026-01-27_23-04-26,2026-01-27_23-11-25,ItoE_name, 87.952, Wheel, -1661.0, 1.00, 8, 0
nszw26001_SIghml99oC,2026-01-27_23-04-26,2026-01-27_23-11-25,ItoE_name, 87.969, Wheel, -1661.0, 1.00, 8, 0
nszw26001_SIghml99oC,2026-01-27_23-04-26,2026-01-27_23-11-25,ItoE_name, 87.986, Wheel, -1661.0, 1.00, 8, 0
nszw26001_SIghml99oC,2026-01-27_23-04-26,2026-01-27_23-11-25,ItoE_name, 88.002, Wheel, -1661.0, 1.00, 8, 0
nszw26001_SIghml99oC,2026-01-27_23-04-26,2026-01-27_23-11-25,ItoE_name, 88.019, Wheel, -1661.0, 1.00, 8, 0
nszw26001_SIghml99oC,2026-01-27_23-04-26,2026-01-27_23-11-25,ItoE_name, 88.035, Wheel, -1661.0, 1.00, 8, 0
nszw26001_SIghml99oC,2026-01-27_23-04-26,2026-01-27_23-11-25,ItoE_name, 88.052, Wheel, -1661.0, 1.00, 8, 0
nszw26001_SIghml99oC,2026-01-27_23-04-26,2026-01-27_23-11-25,ItoE_name, 88.068, Wheel, -1661.0, 1.00, 8, 0
nszw26001_SIghml99oC,2026-01-27_23-04-26,2026-01-27_23-11-25,ItoE_name, 88.085, Wheel, -1661.0, 1.00, 8, 0
nszw26001_SIghml99oC,2026-01-27_23-04-26,2026-01-27_23-11-25,ItoE_name, 88.101, Wheel, -1661.0, 1.00, 8, 0
nszw26001_SIghml99oC,2026-01-27_23-04-26,2026-01-27_23-11-25,ItoE_name, 88.119, Wheel, -1661.0, 1.00, 8, 0
nszw26001_SIghml99oC,2026-01-27_23-04-26,2026-01-27_23-11-25,ItoE_name, 88.152, Wheel, -1661.0, 1.00, 8, 0
nszw26001_SIghml99oC,2026-01-27_23-04-26,2026-01-27_23-11-25,ItoE_name, 88.169, Wheel, -1661.0, 1.00, 8, 0
nszw26001_SIghml99oC,2026-01-27_23-04-26,2026-01-27_23-11-25,ItoE_name, 121.453, Drag, -156.9, 0.96, 1-2, 1
nszw26001_SIghml99oC,2026-01-27_23-04-26,2026-01-27_23-11-25,ItoE_name, 121.665, Drag, -163.0, 1.00, 1-2, 1
nszw26001_SIghml99oC,2026-01-27_23-04-26,2026-01-27_23-11-25,ItoE_name, 121.866, Drag, -163.0, 1.00, 1-2, 1
nszw26001_SIghml99oC,2026-01-27_23-04-26,2026-01-27_23-11-25,ItoE_name, 121.953, DragEnd, -163.0, 1.00, 1-2, 1
nszw26001_SIghml99oC,2026-01-27_23-04-26,2026-01-27_23-11-25,ItoE_name, 126.254, Wheel, -163.0, 0.91, 1-2, 1
nszw26001_SIghml99oC,2026-01-27_23-04-26,2026-01-27_23-11-25,ItoE_name, 126.271, Wheel, -164.8, 0.91, 1-2, 1
nszw26001_SIghml99oC,2026-01-27_23-04-26,2026-01-27_23-11-25,ItoE_name, 126.291, Wheel, -167.8, 0.93, 1-2, 1
nszw26001_SIghml99oC,2026-01-27_23-04-26,2026-01-27_23-11-25,ItoE_name, 126.307, Wheel, -169.1, 0.94, 1-2, 1
nszw26001_SIghml99oC,2026-01-27_23-04-26,2026-01-27_23-11-25,ItoE_name, 126.324, Wheel, -170.3, 0.94, 1-2, 1
nszw26001_SIghml99oC,2026-01-27_23-04-26,2026-01-27_23-11-25,ItoE_name, 126.341, Wheel, -171.4, 0.95, 1-2, 1
nszw26001_SIghml99oC,2026-01-27_23-04-26,2026-01-27_23-11-25,ItoE_name, 126.357, Wheel, -172.3, 0.95, 1-2, 1
nszw26001_SIghml99oC,2026-01-27_23-04-26,2026-01-27_23-11-25,ItoE_name, 126.359, Wheel, -172.3, 0.95, 1-2, 1
nszw26001_SIghml99oC,2026-01-27_23-04-26,2026-01-27_23-11-25,ItoE_name, 126.374, Wheel, -173.2, 0.96, 1-2, 1
nszw26001_SIghml99oC,2026-01-27_23-04-26,2026-01-27_23-11-25,ItoE_name, 126.390, Wheel, -174.0, 0.96, 1-2, 1
nszw26001_SIghml99oC,2026-01-27_23-04-26,2026-01-27_23-11-25,ItoE_name, 126.408, Wheel, -174.7, 0.96, 1-2, 1
nszw26001_SIghml99oC,2026-01-27_23-04-26,2026-01-27_23-11-25,ItoE_name, 126.424, Wheel, -175.3, 0.97, 1-2, 1
nszw26001_SIghml99oC,2026-01-27_23-04-26,2026-01-27_23-11-25,ItoE_name, 126.441, Wheel, -175.9, 0.97, 1-2, 1
nszw26001_SIghml99oC,2026-01-27_23-04-26,2026-01-27_23-11-25,ItoE_name, 126.457, Wheel, -176.4, 0.97, 1-2, 1
nszw26001_SIghml99oC,2026-01-27_23-04-26,2026-01-27_23-11-25,ItoE_name, 126.474, Wheel, -176.8, 0.97, 1-2, 1
nszw26001_SIghml99oC,2026-01-27_23-04-26,2026-01-27_23-11-25,ItoE_name, 126.490, Wheel, -177.2, 0.98, 1-2, 1
nszw26001_SIghml99oC,2026-01-27_23-04-26,2026-01-27_23-11-25,ItoE_name, 126.507, Wheel, -177.6, 0.98, 1-2, 1
nszw26001_SIghml99oC,2026-01-27_23-04-26,2026-01-27_23-11-25,ItoE_name, 126.523, Wheel, -177.9, 0.98, 1-2, 1
nszw26001_SIghml99oC,2026-01-27_23-04-26,2026-01-27_23-11-25,ItoE_name, 126.541, Wheel, -178.2, 0.98, 1-2, 1
nszw26001_SIghml99oC,2026-01-27_23-04-26,2026-01-27_23-11-25,ItoE_name, 126.557, Wheel, -178.5, 0.98, 1-2, 1
nszw26001_SIghml99oC,2026-01-27_23-04-26,2026-01-27_23-11-25,ItoE_name, 126.574, Wheel, -178.8, 0.98, 1-2, 1
nszw26001_SIghml99oC,2026-01-27_23-04-26,2026-01-27_23-11-25,ItoE_name, 126.591, Wheel, -179.0, 0.99, 1-2, 1
nszw26001_SIghml99oC,2026-01-27_23-04-26,2026-01-27_23-11-25,ItoE_name, 126.608, Wheel, -179.2, 0.99, 1-2, 1
nszw26001_SIghml99oC,2026-01-27_23-04-26,2026-01-27_23-11-25,ItoE_name, 126.624, Wheel, -179.4, 0.99, 1-2, 1
nszw26001_SIghml99oC,2026-01-27_23-04-26,2026-01-27_23-11-25,ItoE_name, 126.640, Wheel, -179.5, 0.99, 1-2, 1
nszw26001_SIghml99oC,2026-01-27_23-04-26,2026-01-27_23-11-25,ItoE_name, 126.658, Wheel, -179.7, 0.99, 1-2, 1
nszw26001_SIghml99oC,2026-01-27_23-04-26,2026-01-27_23-11-25,ItoE_name, 126.674, Wheel, -179.8, 0.99, 1-2, 1
nszw26001_SIghml99oC,2026-01-27_23-04-26,2026-01-27_23-11-25,ItoE_name, 126.690, Wheel, -179.9, 0.99, 1-2, 1
nszw26001_SIghml99oC,2026-01-27_23-04-26,2026-01-27_23-11-25,ItoE_name, 126.708, Wheel, -180.0, 0.99, 2, 1
nszw26001_SIghml99oC,2026-01-27_23-04-26,2026-01-27_23-11-25,ItoE_name, 126.723, Wheel, -180.1, 0.99, 2, 1
nszw26001_SIghml99oC,2026-01-27_23-04-26,2026-01-27_23-11-25,ItoE_name, 126.741, Wheel, -180.2, 0.99, 2, 1
nszw26001_SIghml99oC,2026-01-27_23-04-26,2026-01-27_23-11-25,ItoE_name, 126.757, Wheel, -180.3, 0.99, 2, 1
nszw26001_SIghml99oC,2026-01-27_23-04-26,2026-01-27_23-11-25,ItoE_name, 126.774, Wheel, -180.3, 0.99, 2, 1
nszw26001_SIghml99oC,2026-01-27_23-04-26,2026-01-27_23-11-25,ItoE_name, 126.791, Wheel, -180.4, 0.99, 2, 1
nszw26001_SIghml99oC,2026-01-27_23-04-26,2026-01-27_23-11-25,ItoE_name, 126.807, Wheel, -180.4, 0.99, 2, 1
nszw26001_SIghml99oC,2026-01-27_23-04-26,2026-01-27_23-11-25,ItoE_name, 126.824, Wheel, -180.5, 0.99, 2, 1
nszw26001_SIghml99oC,2026-01-27_23-04-26,2026-01-27_23-11-25,ItoE_name, 126.841, Wheel, -180.5, 0.99, 2, 1
nszw26001_SIghml99oC,2026-01-27_23-04-26,2026-01-27_23-11-25,ItoE_name, 126.858, Wheel, -180.6, 0.99, 2, 1
nszw26001_SIghml99oC,2026-01-27_23-04-26,2026-01-27_23-11-25,ItoE_name, 126.874, Wheel, -180.6, 0.99, 2, 1
nszw26001_SIghml99oC,2026-01-27_23-04-26,2026-01-27_23-11-25,ItoE_name, 126.891, Wheel, -180.7, 0.99, 2, 1
nszw26001_SIghml99oC,2026-01-27_23-04-26,2026-01-27_23-11-25,ItoE_name, 126.908, Wheel, -180.7, 0.99, 2, 1
nszw26001_SIghml99oC,2026-01-27_23-04-26,2026-01-27_23-11-25,ItoE_name, 126.925, Wheel, -180.7, 0.99, 2, 1
nszw26001_SIghml99oC,2026-01-27_23-04-26,2026-01-27_23-11-25,ItoE_name, 126.941, Wheel, -180.7, 0.99, 2, 1
nszw26001_SIghml99oC,2026-01-27_23-04-26,2026-01-27_23-11-25,ItoE_name, 126.958, Wheel, -180.8, 0.99, 2, 1
nszw26001_SIghml99oC,2026-01-27_23-04-26,2026-01-27_23-11-25,ItoE_name, 126.991, Wheel, -180.8, 0.99, 2, 1
nszw26001_SIghml99oC,2026-01-27_23-04-26,2026-01-27_23-11-25,ItoE_name, 128.675, Wheel, -318.0, 1.00, 2-3, 1
nszw26001_SIghml99oC,2026-01-27_23-04-26,2026-01-27_23-11-25,ItoE_name, 128.676, Wheel, -318.0, 1.00, 2-3, 1
nszw26001_SIghml99oC,2026-01-27_23-04-26,2026-01-27_23-11-25,ItoE_name, 128.693, Wheel, -318.0, 1.00, 2-3, 1
nszw26001_SIghml99oC,2026-01-27_23-04-26,2026-01-27_23-11-25,ItoE_name, 128.709, Wheel, -318.0, 1.00, 2-3, 1
nszw26001_SIghml99oC,2026-01-27_23-04-26,2026-01-27_23-11-25,ItoE_name, 128.725, Wheel, -318.0, 1.00, 2-3, 1
nszw26001_SIghml99oC,2026-01-27_23-04-26,2026-01-27_23-11-25,ItoE_name, 128.743, Wheel, -318.0, 1.00, 2-3, 1
nszw26001_SIghml99oC,2026-01-27_23-04-26,2026-01-27_23-11-25,ItoE_name, 128.759, Wheel, -318.0, 1.00, 2-3, 1
nszw26001_SIghml99oC,2026-01-27_23-04-26,2026-01-27_23-11-25,ItoE_name, 128.776, Wheel, -318.0, 1.00, 2-3, 1
nszw26001_SIghml99oC,2026-01-27_23-04-26,2026-01-27_23-11-25,ItoE_name, 128.794, Wheel, -318.0, 1.00, 2-3, 1
nszw26001_SIghml99oC,2026-01-27_23-04-26,2026-01-27_23-11-25,ItoE_name, 128.810, Wheel, -318.0, 1.00, 2-3, 1
nszw26001_SIghml99oC,2026-01-27_23-04-26,2026-01-27_23-11-25,ItoE_name, 128.826, Wheel, -318.0, 1.00, 2-3, 1
nszw26001_SIghml99oC,2026-01-27_23-04-26,2026-01-27_23-11-25,ItoE_name, 128.843, Wheel, -318.0, 1.00, 2-3, 1
nszw26001_SIghml99oC,2026-01-27_23-04-26,2026-01-27_23-11-25,ItoE_name, 128.845, Wheel, -318.0, 1.00, 2-3, 1
nszw26001_SIghml99oC,2026-01-27_23-04-26,2026-01-27_23-11-25,ItoE_name, 128.859, Wheel, -318.0, 1.00, 2-3, 1
nszw26001_SIghml99oC,2026-01-27_23-04-26,2026-01-27_23-11-25,ItoE_name, 128.876, Wheel, -318.0, 1.00, 2-3, 1
nszw26001_SIghml99oC,2026-01-27_23-04-26,2026-01-27_23-11-25,ItoE_name, 128.893, Wheel, -318.0, 1.00, 2-3, 1
nszw26001_SIghml99oC,2026-01-27_23-04-26,2026-01-27_23-11-25,ItoE_name, 128.909, Wheel, -318.0, 1.00, 2-3, 1
nszw26001_SIghml99oC,2026-01-27_23-04-26,2026-01-27_23-11-25,ItoE_name, 128.927, Wheel, -318.0, 1.00, 2-3, 1
nszw26001_SIghml99oC,2026-01-27_23-04-26,2026-01-27_23-11-25,ItoE_name, 128.944, Wheel, -318.0, 1.00, 2-3, 1
nszw26001_SIghml99oC,2026-01-27_23-04-26,2026-01-27_23-11-25,ItoE_name, 128.960, Wheel, -318.0, 1.00, 2-3, 1
nszw26001_SIghml99oC,2026-01-27_23-04-26,2026-01-27_23-11-25,ItoE_name, 128.976, Wheel, -318.0, 1.00, 2-3, 1
nszw26001_SIghml99oC,2026-01-27_23-04-26,2026-01-27_23-11-25,ItoE_name, 128.993, Wheel, -318.0, 1.00, 2-3, 1
nszw26001_SIghml99oC,2026-01-27_23-04-26,2026-01-27_23-11-25,ItoE_name, 129.010, Wheel, -318.0, 1.00, 2-3, 1
nszw26001_SIghml99oC,2026-01-27_23-04-26,2026-01-27_23-11-25,ItoE_name, 129.026, Wheel, -318.0, 1.00, 2-3, 1
nszw26001_SIghml99oC,2026-01-27_23-04-26,2026-01-27_23-11-25,ItoE_name, 129.043, Wheel, -318.0, 1.00, 2-3, 1
nszw26001_SIghml99oC,2026-01-27_23-04-26,2026-01-27_23-11-25,ItoE_name, 129.060, Wheel, -318.0, 1.00, 2-3, 1
nszw26001_SIghml99oC,2026-01-27_23-04-26,2026-01-27_23-11-25,ItoE_name, 129.076, Wheel, -318.0, 1.00, 2-3, 1
nszw26001_SIghml99oC,2026-01-27_23-04-26,2026-01-27_23-11-25,ItoE_name, 129.093, Wheel, -318.0, 1.00, 2-3, 1
nszw26001_SIghml99oC,2026-01-27_23-04-26,2026-01-27_23-11-25,ItoE_name, 129.110, Wheel, -318.0, 1.00, 2-3, 1
nszw26001_SIghml99oC,2026-01-27_23-04-26,2026-01-27_23-11-25,ItoE_name, 129.126, Wheel, -318.0, 1.00, 2-3, 1
nszw26001_SIghml99oC,2026-01-27_23-04-26,2026-01-27_23-11-25,ItoE_name, 129.143, Wheel, -318.0, 1.00, 2-3, 1
nszw26001_SIghml99oC,2026-01-27_23-04-26,2026-01-27_23-11-25,ItoE_name, 129.160, Wheel, -318.0, 1.00, 2-3, 1
nszw26001_SIghml99oC,2026-01-27_23-04-26,2026-01-27_23-11-25,ItoE_name, 129.176, Wheel, -318.0, 1.00, 2-3, 1
nszw26001_SIghml99oC,2026-01-27_23-04-26,2026-01-27_23-11-25,ItoE_name, 129.193, Wheel, -318.0, 1.00, 2-3, 1
nszw26001_SIghml99oC,2026-01-27_23-04-26,2026-01-27_23-11-25,ItoE_name, 129.210, Wheel, -318.0, 1.00, 2-3, 1
nszw26001_SIghml99oC,2026-01-27_23-04-26,2026-01-27_23-11-25,ItoE_name, 129.227, Wheel, -318.0, 1.00, 2-3, 1
nszw26001_SIghml99oC,2026-01-27_23-04-26,2026-01-27_23-11-25,ItoE_name, 129.243, Wheel, -318.0, 1.00, 2-3, 1
nszw26001_SIghml99oC,2026-01-27_23-04-26,2026-01-27_23-11-25,ItoE_name, 129.276, Wheel, -318.0, 1.00, 2-3, 1
nszw26001_SIghml99oC,2026-01-27_23-04-26,2026-01-27_23-11-25,ItoE_name, 129.293, Wheel, -318.0, 1.00, 2-3, 1
nszw26001_SIghml99oC,2026-01-27_23-04-26,2026-01-27_23-11-25,ItoE_name, 129.326, Wheel, -318.0, 1.00, 2-3, 1
nszw26001_SIghml99oC,2026-01-27_23-04-26,2026-01-27_23-11-25,ItoE_name, 138.917, Wheel, -633.0, 0.97, 3-4, 1
nszw26001_SIghml99oC,2026-01-27_23-04-26,2026-01-27_23-11-25,ItoE_name, 138.934, Wheel, -634.8, 0.97, 3-4, 1
nszw26001_SIghml99oC,2026-01-27_23-04-26,2026-01-27_23-11-25,ItoE_name, 138.950, Wheel, -636.4, 0.97, 3-4, 1
nszw26001_SIghml99oC,2026-01-27_23-04-26,2026-01-27_23-11-25,ItoE_name, 138.967, Wheel, -637.8, 0.98, 3-4, 1
nszw26001_SIghml99oC,2026-01-27_23-04-26,2026-01-27_23-11-25,ItoE_name, 138.984, Wheel, -639.1, 0.98, 4, 1
nszw26001_SIghml99oC,2026-01-27_23-04-26,2026-01-27_23-11-25,ItoE_name, 139.000, Wheel, -640.3, 0.98, 4, 1
nszw26001_SIghml99oC,2026-01-27_23-04-26,2026-01-27_23-11-25,ItoE_name, 139.016, Wheel, -641.4, 0.98, 4, 1
nszw26001_SIghml99oC,2026-01-27_23-04-26,2026-01-27_23-11-25,ItoE_name, 139.033, Wheel, -642.3, 0.98, 4, 1
nszw26001_SIghml99oC,2026-01-27_23-04-26,2026-01-27_23-11-25,ItoE_name, 139.050, Wheel, -643.2, 0.98, 4, 1
nszw26001_SIghml99oC,2026-01-27_23-04-26,2026-01-27_23-11-25,ItoE_name, 139.067, Wheel, -644.0, 0.98, 4, 1
nszw26001_SIghml99oC,2026-01-27_23-04-26,2026-01-27_23-11-25,ItoE_name, 139.084, Wheel, -644.7, 0.99, 4, 1
nszw26001_SIghml99oC,2026-01-27_23-04-26,2026-01-27_23-11-25,ItoE_name, 139.117, Wheel, -645.9, 0.99, 4, 1
nszw26001_SIghml99oC,2026-01-27_23-04-26,2026-01-27_23-11-25,ItoE_name, 139.133, Wheel, -646.4, 0.99, 4, 1
nszw26001_SIghml99oC,2026-01-27_23-04-26,2026-01-27_23-11-25,ItoE_name, 139.150, Wheel, -646.8, 0.99, 4, 1
nszw26001_SIghml99oC,2026-01-27_23-04-26,2026-01-27_23-11-25,ItoE_name, 139.167, Wheel, -647.2, 0.99, 4, 1
nszw26001_SIghml99oC,2026-01-27_23-04-26,2026-01-27_23-11-25,ItoE_name, 139.184, Wheel, -647.6, 0.99, 4, 1
nszw26001_SIghml99oC,2026-01-27_23-04-26,2026-01-27_23-11-25,ItoE_name, 139.200, Wheel, -647.9, 0.99, 4, 1
nszw26001_SIghml99oC,2026-01-27_23-04-26,2026-01-27_23-11-25,ItoE_name, 139.217, Wheel, -648.2, 0.99, 4, 1
nszw26001_SIghml99oC,2026-01-27_23-04-26,2026-01-27_23-11-25,ItoE_name, 139.234, Wheel, -648.5, 0.99, 4, 1
nszw26001_SIghml99oC,2026-01-27_23-04-26,2026-01-27_23-11-25,ItoE_name, 139.250, Wheel, -648.8, 0.99, 4, 1
nszw26001_SIghml99oC,2026-01-27_23-04-26,2026-01-27_23-11-25,ItoE_name, 139.267, Wheel, -649.0, 0.99, 4, 1
nszw26001_SIghml99oC,2026-01-27_23-04-26,2026-01-27_23-11-25,ItoE_name, 139.283, Wheel, -649.2, 0.99, 4, 1
nszw26001_SIghml99oC,2026-01-27_23-04-26,2026-01-27_23-11-25,ItoE_name, 139.300, Wheel, -649.4, 0.99, 4, 1
nszw26001_SIghml99oC,2026-01-27_23-04-26,2026-01-27_23-11-25,ItoE_name, 139.317, Wheel, -649.5, 0.99, 4, 1
nszw26001_SIghml99oC,2026-01-27_23-04-26,2026-01-27_23-11-25,ItoE_name, 139.334, Wheel, -649.7, 0.99, 4, 1
nszw26001_SIghml99oC,2026-01-27_23-04-26,2026-01-27_23-11-25,ItoE_name, 139.351, Wheel, -649.8, 0.99, 4, 1
nszw26001_SIghml99oC,2026-01-27_23-04-26,2026-01-27_23-11-25,ItoE_name, 139.416, Wheel, -650.2, 0.99, 4, 1
nszw26001_SIghml99oC,2026-01-27_23-04-26,2026-01-27_23-11-25,ItoE_name, 139.434, Wheel, -650.3, 0.99, 4, 1
nszw26001_SIghml99oC,2026-01-27_23-04-26,2026-01-27_23-11-25,ItoE_name, 139.451, Wheel, -650.3, 0.99, 4, 1
nszw26001_SIghml99oC,2026-01-27_23-04-26,2026-01-27_23-11-25,ItoE_name, 139.467, Wheel, -650.4, 0.99, 4, 1
nszw26001_SIghml99oC,2026-01-27_23-04-26,2026-01-27_23-11-25,ItoE_name, 139.484, Wheel, -650.4, 0.99, 4, 1
nszw26001_SIghml99oC,2026-01-27_23-04-26,2026-01-27_23-11-25,ItoE_name, 139.499, Wheel, -650.5, 0.99, 4, 1
nszw26001_SIghml99oC,2026-01-27_23-04-26,2026-01-27_23-11-25,ItoE_name, 139.517, Wheel, -650.5, 0.99, 4, 1
nszw26001_SIghml99oC,2026-01-27_23-04-26,2026-01-27_23-11-25,ItoE_name, 139.534, Wheel, -650.6, 0.99, 4, 1
nszw26001_SIghml99oC,2026-01-27_23-04-26,2026-01-27_23-11-25,ItoE_name, 139.550, Wheel, -650.6, 0.99, 4, 1
nszw26001_SIghml99oC,2026-01-27_23-04-26,2026-01-27_23-11-25,ItoE_name, 139.567, Wheel, -650.7, 0.99, 4, 1
nszw26001_SIghml99oC,2026-01-27_23-04-26,2026-01-27_23-11-25,ItoE_name, 139.583, Wheel, -650.7, 0.99, 4, 1
nszw26001_SIghml99oC,2026-01-27_23-04-26,2026-01-27_23-11-25,ItoE_name, 139.601, Wheel, -650.7, 0.99, 4, 1
nszw26001_SIghml99oC,2026-01-27_23-04-26,2026-01-27_23-11-25,ItoE_name, 139.616, Wheel, -650.7, 0.99, 4, 1
nszw26001_SIghml99oC,2026-01-27_23-04-26,2026-01-27_23-11-25,ItoE_name, 139.634, Wheel, -650.8, 0.99, 4, 1
nszw26001_SIghml99oC,2026-01-27_23-04-26,2026-01-27_23-11-25,ItoE_name, 139.651, Wheel, -650.8, 0.99, 4, 1
nszw26001_SIghml99oC,2026-01-27_23-04-26,2026-01-27_23-11-25,ItoE_name, 139.668, Wheel, -650.8, 0.99, 4, 1
nszw26001_SIghml99oC,2026-01-27_23-04-26,2026-01-27_23-11-25,ItoE_name, 139.684, Wheel, -650.8, 0.99, 4, 1
nszw26001_SIghml99oC,2026-01-27_23-04-26,2026-01-27_23-11-25,ItoE_name, 139.701, Wheel, -650.8, 0.99, 4, 1
nszw26001_SIghml99oC,2026-01-27_23-04-26,2026-01-27_23-11-25,ItoE_name, 139.717, Wheel, -650.8, 0.99, 4, 1
nszw26001_SIghml99oC,2026-01-27_23-04-26,2026-01-27_23-11-25,ItoE_name, 139.734, Wheel, -650.8, 0.99, 4, 1
nszw26001_SIghml99oC,2026-01-27_23-04-26,2026-01-27_23-11-25,ItoE_name, 139.751, Wheel, -651.0, 1.00, 4, 1
nszw26001_SIghml99oC,2026-01-27_23-04-26,2026-01-27_23-11-25,ItoE_name, 139.766, Wheel, -651.0, 1.00, 4, 1
nszw26001_SIghml99oC,2026-01-27_23-04-26,2026-01-27_23-11-25,ItoE_name, 139.784, Wheel, -651.0, 1.00, 4, 1
nszw26001_SIghml99oC,2026-01-27_23-04-26,2026-01-27_23-11-25,ItoE_name, 139.801, Wheel, -651.0, 1.00, 4, 1
nszw26001_SIghml99oC,2026-01-27_23-04-26,2026-01-27_23-11-25,ItoE_name, 139.818, Wheel, -651.0, 1.00, 4, 1
nszw26001_SIghml99oC,2026-01-27_23-04-26,2026-01-27_23-11-25,ItoE_name, 139.834, Wheel, -651.0, 1.00, 4, 1
nszw26001_SIghml99oC,2026-01-27_23-04-26,2026-01-27_23-11-25,ItoE_name, 139.851, Wheel, -651.0, 1.00, 4, 1
nszw26001_SIghml99oC,2026-01-27_23-04-26,2026-01-27_23-11-25,ItoE_name, 139.867, Wheel, -651.0, 1.00, 4, 1
nszw26001_SIghml99oC,2026-01-27_23-04-26,2026-01-27_23-11-25,ItoE_name, 139.881, Wheel, -651.0, 1.00, 4, 1
nszw26001_SIghml99oC,2026-01-27_23-04-26,2026-01-27_23-11-25,ItoE_name, 139.897, Wheel, -651.0, 1.00, 4, 1
nszw26001_SIghml99oC,2026-01-27_23-04-26,2026-01-27_23-11-25,ItoE_name, 139.914, Wheel, -651.0, 1.00, 4, 1
nszw26001_SIghml99oC,2026-01-27_23-04-26,2026-01-27_23-11-25,ItoE_name, 139.931, Wheel, -651.0, 1.00, 4, 1
nszw26001_SIghml99oC,2026-01-27_23-04-26,2026-01-27_23-11-25,ItoE_name, 139.947, Wheel, -651.0, 1.00, 4, 1
nszw26001_SIghml99oC,2026-01-27_23-04-26,2026-01-27_23-11-25,ItoE_name, 139.964, Wheel, -651.0, 1.00, 4, 1
nszw26001_SIghml99oC,2026-01-27_23-04-26,2026-01-27_23-11-25,ItoE_name, 139.980, Wheel, -651.0, 1.00, 4, 1
nszw26001_SIghml99oC,2026-01-27_23-04-26,2026-01-27_23-11-25,ItoE_name, 139.997, Wheel, -651.0, 1.00, 4, 1
nszw26001_SIghml99oC,2026-01-27_23-04-26,2026-01-27_23-11-25,ItoE_name, 140.014, Wheel, -651.0, 1.00, 4, 1
nszw26001_SIghml99oC,2026-01-27_23-04-26,2026-01-27_23-11-25,ItoE_name, 140.031, Wheel, -651.0, 1.00, 4, 1
nszw26001_SIghml99oC,2026-01-27_23-04-26,2026-01-27_23-11-25,ItoE_name, 140.047, Wheel, -651.0, 1.00, 4, 1
nszw26001_SIghml99oC,2026-01-27_23-04-26,2026-01-27_23-11-25,ItoE_name, 140.064, Wheel, -651.0, 1.00, 4, 1
nszw26001_SIghml99oC,2026-01-27_23-04-26,2026-01-27_23-11-25,ItoE_name, 140.081, Wheel, -651.0, 1.00, 4, 1
nszw26001_SIghml99oC,2026-01-27_23-04-26,2026-01-27_23-11-25,ItoE_name, 140.097, Wheel, -651.0, 1.00, 4, 1
nszw26001_SIghml99oC,2026-01-27_23-04-26,2026-01-27_23-11-25,ItoE_name, 140.114, Wheel, -651.0, 1.00, 4, 1
nszw26001_SIghml99oC,2026-01-27_23-04-26,2026-01-27_23-11-25,ItoE_name, 140.131, Wheel, -651.0, 1.00, 4, 1
nszw26001_SIghml99oC,2026-01-27_23-04-26,2026-01-27_23-11-25,ItoE_name, 140.148, Wheel, -651.0, 1.00, 4, 1
nszw26001_SIghml99oC,2026-01-27_23-04-26,2026-01-27_23-11-25,ItoE_name, 140.164, Wheel, -651.0, 1.00, 4, 1
nszw26001_SIghml99oC,2026-01-27_23-04-26,2026-01-27_23-11-25,ItoE_name, 140.181, Wheel, -651.0, 1.00, 4, 1
nszw26001_SIghml99oC,2026-01-27_23-04-26,2026-01-27_23-11-25,ItoE_name, 140.216, Wheel, -651.0, 1.00, 4, 1
nszw26001_SIghml99oC,2026-01-27_23-04-26,2026-01-27_23-11-25,ItoE_name, 146.389, Wheel, -1103.0, 1.00, 5-6, 1
nszw26001_SIghml99oC,2026-01-27_23-04-26,2026-01-27_23-11-25,ItoE_name, 146.405, Wheel, -1101.0, 0.99, 5-6, 1
nszw26001_SIghml99oC,2026-01-27_23-04-26,2026-01-27_23-11-25,ItoE_name, 146.423, Wheel, -1097.2, 0.99, 5-6, 1
nszw26001_SIghml99oC,2026-01-27_23-04-26,2026-01-27_23-11-25,ItoE_name, 146.435, Wheel, -1097.2, 0.99, 5-6, 1
nszw26001_SIghml99oC,2026-01-27_23-04-26,2026-01-27_23-11-25,ItoE_name, 146.452, Wheel, -1089.7, 0.98, 5-6, 1
nszw26001_SIghml99oC,2026-01-27_23-04-26,2026-01-27_23-11-25,ItoE_name, 146.468, Wheel, -1081.1, 0.98, 5-6, 1
nszw26001_SIghml99oC,2026-01-27_23-04-26,2026-01-27_23-11-25,ItoE_name, 146.485, Wheel, -1071.2, 0.97, 5-6, 1
nszw26001_SIghml99oC,2026-01-27_23-04-26,2026-01-27_23-11-25,ItoE_name, 146.502, Wheel, -1060.4, 0.96, 5-6, 1
nszw26001_SIghml99oC,2026-01-27_23-04-26,2026-01-27_23-11-25,ItoE_name, 146.519, Wheel, -1048.7, 0.95, 5-6, 1
nszw26001_SIghml99oC,2026-01-27_23-04-26,2026-01-27_23-11-25,ItoE_name, 146.535, Wheel, -1036.1, 0.94, 5-6, 1
nszw26001_SIghml99oC,2026-01-27_23-04-26,2026-01-27_23-11-25,ItoE_name, 147.218, Wheel, -904.7, 0.82, 4-5-6, 1
nszw26001_SIghml99oC,2026-01-27_23-04-26,2026-01-27_23-11-25,ItoE_name, 147.235, Wheel, -906.5, 0.82, 4-5-6, 1
nszw26001_SIghml99oC,2026-01-27_23-04-26,2026-01-27_23-11-25,ItoE_name, 147.252, Wheel, -910.2, 0.82, 4-5-6, 1
nszw26001_SIghml99oC,2026-01-27_23-04-26,2026-01-27_23-11-25,ItoE_name, 147.256, Wheel, -915.5, 0.83, 4-5-6, 1
nszw26001_SIghml99oC,2026-01-27_23-04-26,2026-01-27_23-11-25,ItoE_name, 147.270, Wheel, -915.5, 0.83, 4-5-6, 1
nszw26001_SIghml99oC,2026-01-27_23-04-26,2026-01-27_23-11-25,ItoE_name, 147.289, Wheel, -932.1, 0.84, 4-5-6, 1
nszw26001_SIghml99oC,2026-01-27_23-04-26,2026-01-27_23-11-25,ItoE_name, 147.305, Wheel, -941.2, 0.85, 4-5-6, 1
nszw26001_SIghml99oC,2026-01-27_23-04-26,2026-01-27_23-11-25,ItoE_name, 147.322, Wheel, -951.3, 0.86, 4-5-6, 1
nszw26001_SIghml99oC,2026-01-27_23-04-26,2026-01-27_23-11-25,ItoE_name, 147.329, Wheel, -951.3, 0.86, 4-5-6, 1
nszw26001_SIghml99oC,2026-01-27_23-04-26,2026-01-27_23-11-25,ItoE_name, 147.344, Wheel, -964.5, 0.87, 4-5-6, 1
nszw26001_SIghml99oC,2026-01-27_23-04-26,2026-01-27_23-11-25,ItoE_name, 147.361, Wheel, -978.4, 0.88, 4-5-6, 1
nszw26001_SIghml99oC,2026-01-27_23-04-26,2026-01-27_23-11-25,ItoE_name, 147.377, Wheel, -990.8, 0.90, 4-5-6, 1
nszw26001_SIghml99oC,2026-01-27_23-04-26,2026-01-27_23-11-25,ItoE_name, 147.394, Wheel, -1002.0, 0.91, 4-5-6, 1
nszw26001_SIghml99oC,2026-01-27_23-04-26,2026-01-27_23-11-25,ItoE_name, 147.411, Wheel, -1012.1, 0.91, 4-5-6, 1
nszw26001_SIghml99oC,2026-01-27_23-04-26,2026-01-27_23-11-25,ItoE_name, 147.428, Wheel, -1021.2, 0.92, 5-6, 1
nszw26001_SIghml99oC,2026-01-27_23-04-26,2026-01-27_23-11-25,ItoE_name, 147.444, Wheel, -1029.4, 0.93, 5-6, 1
nszw26001_SIghml99oC,2026-01-27_23-04-26,2026-01-27_23-11-25,ItoE_name, 147.460, Wheel, -1036.7, 0.94, 5-6, 1
nszw26001_SIghml99oC,2026-01-27_23-04-26,2026-01-27_23-11-25,ItoE_name, 147.478, Wheel, -1043.4, 0.94, 5-6, 1
nszw26001_SIghml99oC,2026-01-27_23-04-26,2026-01-27_23-11-25,ItoE_name, 147.494, Wheel, -1049.3, 0.95, 5-6, 1
nszw26001_SIghml99oC,2026-01-27_23-04-26,2026-01-27_23-11-25,ItoE_name, 147.511, Wheel, -1054.7, 0.95, 5-6, 1
nszw26001_SIghml99oC,2026-01-27_23-04-26,2026-01-27_23-11-25,ItoE_name, 147.528, Wheel, -1059.5, 0.96, 5-6, 1
nszw26001_SIghml99oC,2026-01-27_23-04-26,2026-01-27_23-11-25,ItoE_name, 147.543, Wheel, -1063.9, 0.96, 5-6, 1
nszw26001_SIghml99oC,2026-01-27_23-04-26,2026-01-27_23-11-25,ItoE_name, 147.561, Wheel, -1067.8, 0.96, 5-6, 1
nszw26001_SIghml99oC,2026-01-27_23-04-26,2026-01-27_23-11-25,ItoE_name, 147.577, Wheel, -1071.3, 0.97, 5-6, 1
nszw26001_SIghml99oC,2026-01-27_23-04-26,2026-01-27_23-11-25,ItoE_name, 147.594, Wheel, -1074.4, 0.97, 5-6, 1
nszw26001_SIghml99oC,2026-01-27_23-04-26,2026-01-27_23-11-25,ItoE_name, 147.611, Wheel, -1077.3, 0.97, 5-6, 1
nszw26001_SIghml99oC,2026-01-27_23-04-26,2026-01-27_23-11-25,ItoE_name, 147.627, Wheel, -1079.9, 0.97, 5-6, 1
nszw26001_SIghml99oC,2026-01-27_23-04-26,2026-01-27_23-11-25,ItoE_name, 147.644, Wheel, -1082.2, 0.98, 5-6, 1
nszw26001_SIghml99oC,2026-01-27_23-04-26,2026-01-27_23-11-25,ItoE_name, 147.660, Wheel, -1084.2, 0.98, 5-6, 1
nszw26001_SIghml99oC,2026-01-27_23-04-26,2026-01-27_23-11-25,ItoE_name, 147.678, Wheel, -1086.1, 0.98, 5-6, 1
nszw26001_SIghml99oC,2026-01-27_23-04-26,2026-01-27_23-11-25,ItoE_name, 147.694, Wheel, -1087.8, 0.98, 5-6, 1
nszw26001_SIghml99oC,2026-01-27_23-04-26,2026-01-27_23-11-25,ItoE_name, 147.711, Wheel, -1089.3, 0.98, 5-6, 1
nszw26001_SIghml99oC,2026-01-27_23-04-26,2026-01-27_23-11-25,ItoE_name, 147.728, Wheel, -1090.7, 0.98, 5-6, 1
nszw26001_SIghml99oC,2026-01-27_23-04-26,2026-01-27_23-11-25,ItoE_name, 147.744, Wheel, -1091.9, 0.99, 5-6, 1
nszw26001_SIghml99oC,2026-01-27_23-04-26,2026-01-27_23-11-25,ItoE_name, 147.761, Wheel, -1093.0, 0.99, 5-6, 1
nszw26001_SIghml99oC,2026-01-27_23-04-26,2026-01-27_23-11-25,ItoE_name, 147.778, Wheel, -1094.0, 0.99, 5-6, 1
nszw26001_SIghml99oC,2026-01-27_23-04-26,2026-01-27_23-11-25,ItoE_name, 147.793, Wheel, -1094.9, 0.99, 5-6, 1
nszw26001_SIghml99oC,2026-01-27_23-04-26,2026-01-27_23-11-25,ItoE_name, 147.811, Wheel, -1095.7, 0.99, 5-6, 1
nszw26001_SIghml99oC,2026-01-27_23-04-26,2026-01-27_23-11-25,ItoE_name, 147.827, Wheel, -1096.4, 0.99, 5-6, 1
nszw26001_SIghml99oC,2026-01-27_23-04-26,2026-01-27_23-11-25,ItoE_name, 147.844, Wheel, -1097.1, 0.99, 5-6, 1
nszw26001_SIghml99oC,2026-01-27_23-04-26,2026-01-27_23-11-25,ItoE_name, 147.861, Wheel, -1097.7, 0.99, 5-6, 1
nszw26001_SIghml99oC,2026-01-27_23-04-26,2026-01-27_23-11-25,ItoE_name, 147.878, Wheel, -1098.2, 0.99, 5-6, 1
nszw26001_SIghml99oC,2026-01-27_23-04-26,2026-01-27_23-11-25,ItoE_name, 147.894, Wheel, -1098.7, 0.99, 5-6, 1
nszw26001_SIghml99oC,2026-01-27_23-04-26,2026-01-27_23-11-25,ItoE_name, 147.911, Wheel, -1099.1, 0.99, 5-6, 1
nszw26001_SIghml99oC,2026-01-27_23-04-26,2026-01-27_23-11-25,ItoE_name, 147.944, Wheel, -1099.8, 0.99, 5-6, 1
nszw26001_SIghml99oC,2026-01-27_23-04-26,2026-01-27_23-11-25,ItoE_name, 147.961, Wheel, -1100.1, 0.99, 5-6, 1
nszw26001_SIghml99oC,2026-01-27_23-04-26,2026-01-27_23-11-25,ItoE_name, 147.994, Wheel, -1100.7, 0.99, 5-6, 1
nszw26001_SIghml99oC,2026-01-27_23-04-26,2026-01-27_23-11-25,ItoE_name, 151.058, Wheel, -1103.0, 0.98, 5-6, 1
nszw26001_SIghml99oC,2026-01-27_23-04-26,2026-01-27_23-11-25,ItoE_name, 151.072, Wheel, -1103.0, 0.98, 5-6, 1
nszw26001_SIghml99oC,2026-01-27_23-04-26,2026-01-27_23-11-25,ItoE_name, 151.088, Wheel, -1104.8, 0.98, 5-6, 1
nszw26001_SIghml99oC,2026-01-27_23-04-26,2026-01-27_23-11-25,ItoE_name, 151.105, Wheel, -1106.4, 0.98, 5-6, 1
nszw26001_SIghml99oC,2026-01-27_23-04-26,2026-01-27_23-11-25,ItoE_name, 151.122, Wheel, -1107.8, 0.98, 5-6, 1
nszw26001_SIghml99oC,2026-01-27_23-04-26,2026-01-27_23-11-25,ItoE_name, 151.138, Wheel, -1109.1, 0.98, 5-6, 1
nszw26001_SIghml99oC,2026-01-27_23-04-26,2026-01-27_23-11-25,ItoE_name, 151.159, Wheel, -1111.4, 0.99, 5-6, 1
nszw26001_SIghml99oC,2026-01-27_23-04-26,2026-01-27_23-11-25,ItoE_name, 151.176, Wheel, -1112.3, 0.99, 5-6, 1
nszw26001_SIghml99oC,2026-01-27_23-04-26,2026-01-27_23-11-25,ItoE_name, 151.187, Wheel, -1112.3, 0.99, 5-6, 1
nszw26001_SIghml99oC,2026-01-27_23-04-26,2026-01-27_23-11-25,ItoE_name, 151.203, Wheel, -1113.2, 0.99, 5-6, 1
nszw26001_SIghml99oC,2026-01-27_23-04-26,2026-01-27_23-11-25,ItoE_name, 151.219, Wheel, -1114.0, 0.99, 5-6, 1
nszw26001_SIghml99oC,2026-01-27_23-04-26,2026-01-27_23-11-25,ItoE_name, 151.236, Wheel, -1114.7, 0.99, 5-6, 1
nszw26001_SIghml99oC,2026-01-27_23-04-26,2026-01-27_23-11-25,ItoE_name, 151.253, Wheel, -1115.3, 0.99, 5-6, 1
nszw26001_SIghml99oC,2026-01-27_23-04-26,2026-01-27_23-11-25,ItoE_name, 151.269, Wheel, -1115.9, 0.99, 5-6, 1
nszw26001_SIghml99oC,2026-01-27_23-04-26,2026-01-27_23-11-25,ItoE_name, 151.286, Wheel, -1116.4, 0.99, 5-6, 1
nszw26001_SIghml99oC,2026-01-27_23-04-26,2026-01-27_23-11-25,ItoE_name, 151.303, Wheel, -1116.8, 0.99, 5-6, 1
nszw26001_SIghml99oC,2026-01-27_23-04-26,2026-01-27_23-11-25,ItoE_name, 151.319, Wheel, -1117.2, 0.99, 5-6, 1
nszw26001_SIghml99oC,2026-01-27_23-04-26,2026-01-27_23-11-25,ItoE_name, 151.336, Wheel, -1117.6, 0.99, 5-6, 1
nszw26001_SIghml99oC,2026-01-27_23-04-26,2026-01-27_23-11-25,ItoE_name, 151.353, Wheel, -1117.9, 0.99, 5-6, 1
nszw26001_SIghml99oC,2026-01-27_23-04-26,2026-01-27_23-11-25,ItoE_name, 151.369, Wheel, -1118.2, 0.99, 6, 1
nszw26001_SIghml99oC,2026-01-27_23-04-26,2026-01-27_23-11-25,ItoE_name, 151.386, Wheel, -1118.5, 0.99, 6, 1
nszw26001_SIghml99oC,2026-01-27_23-04-26,2026-01-27_23-11-25,ItoE_name, 151.403, Wheel, -1118.8, 0.99, 6, 1
nszw26001_SIghml99oC,2026-01-27_23-04-26,2026-01-27_23-11-25,ItoE_name, 151.419, Wheel, -1119.0, 0.99, 6, 1
nszw26001_SIghml99oC,2026-01-27_23-04-26,2026-01-27_23-11-25,ItoE_name, 151.436, Wheel, -1119.2, 0.99, 6, 1
nszw26001_SIghml99oC,2026-01-27_23-04-26,2026-01-27_23-11-25,ItoE_name, 151.453, Wheel, -1119.4, 0.99, 6, 1
nszw26001_SIghml99oC,2026-01-27_23-04-26,2026-01-27_23-11-25,ItoE_name, 151.469, Wheel, -1119.5, 0.99, 6, 1
nszw26001_SIghml99oC,2026-01-27_23-04-26,2026-01-27_23-11-25,ItoE_name, 151.486, Wheel, -1119.7, 0.99, 6, 1
nszw26001_SIghml99oC,2026-01-27_23-04-26,2026-01-27_23-11-25,ItoE_name, 151.503, Wheel, -1119.8, 0.99, 6, 1
nszw26001_SIghml99oC,2026-01-27_23-04-26,2026-01-27_23-11-25,ItoE_name, 151.521, Wheel, -1119.9, 0.99, 6, 1
nszw26001_SIghml99oC,2026-01-27_23-04-26,2026-01-27_23-11-25,ItoE_name, 151.538, Wheel, -1120.0, 0.99, 6, 1
nszw26001_SIghml99oC,2026-01-27_23-04-26,2026-01-27_23-11-25,ItoE_name, 151.555, Wheel, -1120.1, 0.99, 6, 1
nszw26001_SIghml99oC,2026-01-27_23-04-26,2026-01-27_23-11-25,ItoE_name, 151.571, Wheel, -1120.2, 0.99, 6, 1
nszw26001_SIghml99oC,2026-01-27_23-04-26,2026-01-27_23-11-25,ItoE_name, 151.588, Wheel, -1120.3, 0.99, 6, 1
nszw26001_SIghml99oC,2026-01-27_23-04-26,2026-01-27_23-11-25,ItoE_name, 151.605, Wheel, -1120.3, 0.99, 6, 1
nszw26001_SIghml99oC,2026-01-27_23-04-26,2026-01-27_23-11-25,ItoE_name, 151.619, Wheel, -1120.4, 0.99, 6, 1
nszw26001_SIghml99oC,2026-01-27_23-04-26,2026-01-27_23-11-25,ItoE_name, 151.638, Wheel, -1120.4, 0.99, 6, 1
nszw26001_SIghml99oC,2026-01-27_23-04-26,2026-01-27_23-11-25,ItoE_name, 151.652, Wheel, -1120.5, 0.99, 6, 1
nszw26001_SIghml99oC,2026-01-27_23-04-26,2026-01-27_23-11-25,ItoE_name, 151.671, Wheel, -1120.5, 0.99, 6, 1
nszw26001_SIghml99oC,2026-01-27_23-04-26,2026-01-27_23-11-25,ItoE_name, 151.688, Wheel, -1120.6, 0.99, 6, 1
nszw26001_SIghml99oC,2026-01-27_23-04-26,2026-01-27_23-11-25,ItoE_name, 151.705, Wheel, -1120.6, 0.99, 6, 1
nszw26001_SIghml99oC,2026-01-27_23-04-26,2026-01-27_23-11-25,ItoE_name, 151.721, Wheel, -1120.7, 0.99, 6, 1
nszw26001_SIghml99oC,2026-01-27_23-04-26,2026-01-27_23-11-25,ItoE_name, 151.738, Wheel, -1120.7, 0.99, 6, 1
nszw26001_SIghml99oC,2026-01-27_23-04-26,2026-01-27_23-11-25,ItoE_name, 151.755, Wheel, -1120.7, 0.99, 6, 1
nszw26001_SIghml99oC,2026-01-27_23-04-26,2026-01-27_23-11-25,ItoE_name, 151.771, Wheel, -1120.7, 0.99, 6, 1
nszw26001_SIghml99oC,2026-01-27_23-04-26,2026-01-27_23-11-25,ItoE_name, 151.788, Wheel, -1120.8, 0.99, 6, 1
nszw26001_SIghml99oC,2026-01-27_23-04-26,2026-01-27_23-11-25,ItoE_name, 151.805, Wheel, -1120.8, 0.99, 6, 1
nszw26001_SIghml99oC,2026-01-27_23-04-26,2026-01-27_23-11-25,ItoE_name, 151.821, Wheel, -1120.8, 0.99, 6, 1
nszw26001_SIghml99oC,2026-01-27_23-04-26,2026-01-27_23-11-25,ItoE_name, 151.838, Wheel, -1120.8, 0.99, 6, 1
nszw26001_SIghml99oC,2026-01-27_23-04-26,2026-01-27_23-11-25,ItoE_name, 151.855, Wheel, -1120.8, 0.99, 6, 1
nszw26001_SIghml99oC,2026-01-27_23-04-26,2026-01-27_23-11-25,ItoE_name, 151.871, Wheel, -1120.8, 0.99, 6, 1
nszw26001_SIghml99oC,2026-01-27_23-04-26,2026-01-27_23-11-25,ItoE_name, 151.888, Wheel, -1120.8, 0.99, 6, 1
nszw26001_SIghml99oC,2026-01-27_23-04-26,2026-01-27_23-11-25,ItoE_name, 151.905, Wheel, -1121.0, 1.00, 6, 1
nszw26001_SIghml99oC,2026-01-27_23-04-26,2026-01-27_23-11-25,ItoE_name, 151.921, Wheel, -1121.0, 1.00, 6, 1
nszw26001_SIghml99oC,2026-01-27_23-04-26,2026-01-27_23-11-25,ItoE_name, 156.429, Wheel, -1594.3, 0.99, 7-8, 1
nszw26001_SIghml99oC,2026-01-27_23-04-26,2026-01-27_23-11-25,ItoE_name, 156.481, Wheel, -1594.3, 0.99, 7-8, 1
nszw26001_SIghml99oC,2026-01-27_23-04-26,2026-01-27_23-11-25,ItoE_name, 156.496, Wheel, -1594.4, 0.99, 7-8, 1
nszw26001_SIghml99oC,2026-01-27_23-04-26,2026-01-27_23-11-25,ItoE_name, 156.512, Wheel, -1594.5, 0.99, 7-8, 1
nszw26001_SIghml99oC,2026-01-27_23-04-26,2026-01-27_23-11-25,ItoE_name, 156.529, Wheel, -1594.5, 0.99, 7-8, 1
nszw26001_SIghml99oC,2026-01-27_23-04-26,2026-01-27_23-11-25,ItoE_name, 156.546, Wheel, -1594.6, 0.99, 7-8, 1
nszw26001_SIghml99oC,2026-01-27_23-04-26,2026-01-27_23-11-25,ItoE_name, 156.562, Wheel, -1594.6, 0.99, 7-8, 1
nszw26001_SIghml99oC,2026-01-27_23-04-26,2026-01-27_23-11-25,ItoE_name, 156.579, Wheel, -1594.6, 0.99, 7-8, 1
nszw26001_SIghml99oC,2026-01-27_23-04-26,2026-01-27_23-11-25,ItoE_name, 156.596, Wheel, -1594.7, 0.99, 7-8, 1
nszw26001_SIghml99oC,2026-01-27_23-04-26,2026-01-27_23-11-25,ItoE_name, 156.613, Wheel, -1594.7, 0.99, 7-8, 1
nszw26001_SIghml99oC,2026-01-27_23-04-26,2026-01-27_23-11-25,ItoE_name, 156.630, Wheel, -1594.7, 0.99, 7-8, 1
nszw26001_SIghml99oC,2026-01-27_23-04-26,2026-01-27_23-11-25,ItoE_name, 156.646, Wheel, -1594.7, 0.99, 7-8, 1
nszw26001_SIghml99oC,2026-01-27_23-04-26,2026-01-27_23-11-25,ItoE_name, 156.663, Wheel, -1594.8, 0.99, 7-8, 1
nszw26001_SIghml99oC,2026-01-27_23-04-26,2026-01-27_23-11-25,ItoE_name, 156.680, Wheel, -1594.8, 0.99, 7-8, 1
nszw26001_SIghml99oC,2026-01-27_23-04-26,2026-01-27_23-11-25,ItoE_name, 156.696, Wheel, -1594.8, 0.99, 7-8, 1
nszw26001_SIghml99oC,2026-01-27_23-04-26,2026-01-27_23-11-25,ItoE_name, 156.713, Wheel, -1594.8, 0.99, 7-8, 1
nszw26001_SIghml99oC,2026-01-27_23-04-26,2026-01-27_23-11-25,ItoE_name, 156.730, Wheel, -1594.8, 0.99, 7-8, 1
nszw26001_SIghml99oC,2026-01-27_23-04-26,2026-01-27_23-11-25,ItoE_name, 156.747, Wheel, -1594.8, 0.99, 7-8, 1
nszw26001_SIghml99oC,2026-01-27_23-04-26,2026-01-27_23-11-25,ItoE_name, 156.763, Wheel, -1594.8, 0.99, 7-8, 1
nszw26001_SIghml99oC,2026-01-27_23-04-26,2026-01-27_23-11-25,ItoE_name, 156.779, Wheel, -1595.0, 1.00, 7-8, 1
nszw26001_SIghml99oC,2026-01-27_23-04-26,2026-01-27_23-11-25,ItoE_name, 156.796, Wheel, -1595.0, 1.00, 7-8, 1
nszw26001_SIghml99oC,2026-01-27_23-04-26,2026-01-27_23-11-25,ItoE_name, 156.813, Wheel, -1595.0, 1.00, 7-8, 1
nszw26001_SIghml99oC,2026-01-27_23-04-26,2026-01-27_23-11-25,ItoE_name, 156.830, Wheel, -1595.0, 1.00, 7-8, 1
nszw26001_SIghml99oC,2026-01-27_23-04-26,2026-01-27_23-11-25,ItoE_name, 156.846, Wheel, -1595.0, 1.00, 7-8, 1
nszw26001_SIghml99oC,2026-01-27_23-04-26,2026-01-27_23-11-25,ItoE_name, 156.863, Wheel, -1595.0, 1.00, 7-8, 1
nszw26001_SIghml99oC,2026-01-27_23-04-26,2026-01-27_23-11-25,ItoE_name, 156.880, Wheel, -1595.0, 1.00, 7-8, 1
nszw26001_SIghml99oC,2026-01-27_23-04-26,2026-01-27_23-11-25,ItoE_name, 156.897, Wheel, -1595.0, 1.00, 7-8, 1
nszw26001_SIghml99oC,2026-01-27_23-04-26,2026-01-27_23-11-25,ItoE_name, 156.913, Wheel, -1595.0, 1.00, 7-8, 1
nszw26001_SIghml99oC,2026-01-27_23-04-26,2026-01-27_23-11-25,ItoE_name, 156.914, Wheel, -1595.0, 1.00, 7-8, 1
nszw26001_SIghml99oC,2026-01-27_23-04-26,2026-01-27_23-11-25,ItoE_name, 156.929, Wheel, -1595.0, 1.00, 7-8, 1
nszw26001_SIghml99oC,2026-01-27_23-04-26,2026-01-27_23-11-25,ItoE_name, 156.947, Wheel, -1595.0, 1.00, 7-8, 1
nszw26001_SIghml99oC,2026-01-27_23-04-26,2026-01-27_23-11-25,ItoE_name, 156.964, Wheel, -1595.0, 1.00, 7-8, 1
nszw26001_SIghml99oC,2026-01-27_23-04-26,2026-01-27_23-11-25,ItoE_name, 156.980, Wheel, -1595.0, 1.00, 7-8, 1
nszw26001_SIghml99oC,2026-01-27_23-04-26,2026-01-27_23-11-25,ItoE_name, 156.996, Wheel, -1595.0, 1.00, 7-8, 1
nszw26001_SIghml99oC,2026-01-27_23-04-26,2026-01-27_23-11-25,ItoE_name, 157.014, Wheel, -1595.0, 1.00, 7-8, 1
nszw26001_SIghml99oC,2026-01-27_23-04-26,2026-01-27_23-11-25,ItoE_name, 157.031, Wheel, -1595.0, 1.00, 7-8, 1
nszw26001_SIghml99oC,2026-01-27_23-04-26,2026-01-27_23-11-25,ItoE_name, 157.047, Wheel, -1595.0, 1.00, 7-8, 1
nszw26001_SIghml99oC,2026-01-27_23-04-26,2026-01-27_23-11-25,ItoE_name, 157.062, Wheel, -1595.0, 1.00, 7-8, 1
nszw26001_SIghml99oC,2026-01-27_23-04-26,2026-01-27_23-11-25,ItoE_name, 157.080, Wheel, -1595.0, 1.00, 7-8, 1
nszw26001_SIghml99oC,2026-01-27_23-04-26,2026-01-27_23-11-25,ItoE_name, 157.097, Wheel, -1595.0, 1.00, 7-8, 1
nszw26001_SIghml99oC,2026-01-27_23-04-26,2026-01-27_23-11-25,ItoE_name, 157.113, Wheel, -1595.0, 1.00, 7-8, 1
nszw26001_SIghml99oC,2026-01-27_23-04-26,2026-01-27_23-11-25,ItoE_name, 157.129, Wheel, -1595.0, 1.00, 7-8, 1
nszw26001_SIghml99oC,2026-01-27_23-04-26,2026-01-27_23-11-25,ItoE_name, 157.147, Wheel, -1595.0, 1.00, 7-8, 1
nszw26001_SIghml99oC,2026-01-27_23-04-26,2026-01-27_23-11-25,ItoE_name, 157.164, Wheel, -1595.0, 1.00, 7-8, 1
nszw26001_SIghml99oC,2026-01-27_23-04-26,2026-01-27_23-11-25,ItoE_name, 157.180, Wheel, -1595.0, 1.00, 7-8, 1
nszw26001_SIghml99oC,2026-01-27_23-04-26,2026-01-27_23-11-25,ItoE_name, 157.195, Wheel, -1595.0, 1.00, 7-8, 1
nszw26001_SIghml99oC,2026-01-27_23-04-26,2026-01-27_23-11-25,ItoE_name, 157.214, Wheel, -1595.0, 1.00, 7-8, 1
nszw26001_SIghml99oC,2026-01-27_23-04-26,2026-01-27_23-11-25,ItoE_name, 157.230, Wheel, -1595.0, 1.00, 7-8, 1
nszw26001_SIghml99oC,2026-01-27_23-04-26,2026-01-27_23-11-25,ItoE_name, 157.247, Wheel, -1595.0, 1.00, 7-8, 1
nszw26001_SIghml99oC,2026-01-27_23-04-26,2026-01-27_23-11-25,ItoE_name, 157.262, Wheel, -1595.0, 1.00, 7-8, 1
nszw26001_SIghml99oC,2026-01-27_23-04-26,2026-01-27_23-11-25,ItoE_name, 157.296, Wheel, -1595.0, 1.00, 7-8, 1
nszw26001_SIghml99oC,2026-01-27_23-04-26,2026-01-27_23-11-25,ItoE_name, 157.312, Wheel, -1595.0, 1.00, 7-8, 1
nszw26001_SIghml99oC,2026-01-27_23-04-26,2026-01-27_23-11-25,ItoE_name, 157.345, Wheel, -1595.0, 1.00, 7-8, 1
nszw26001_SIghml99oC,2026-01-27_23-04-26,2026-01-27_23-11-25,ItoE_name, 160.445, Wheel, -1595.0, 1.00, 7-8, 1
nszw26001_SIghml99oC,2026-01-27_23-04-26,2026-01-27_23-11-25,ItoE_name, 160.462, Wheel, -1593.0, 0.99, 7-8, 1
nszw26001_SIghml99oC,2026-01-27_23-04-26,2026-01-27_23-11-25,ItoE_name, 160.478, Wheel, -1589.2, 0.99, 7-8, 1
nszw26001_SIghml99oC,2026-01-27_23-04-26,2026-01-27_23-11-25,ItoE_name, 160.498, Wheel, -1578.9, 0.99, 7-8, 1
nszw26001_SIghml99oC,2026-01-27_23-04-26,2026-01-27_23-11-25,ItoE_name, 160.512, Wheel, -1578.9, 0.99, 7-8, 1
nszw26001_SIghml99oC,2026-01-27_23-04-26,2026-01-27_23-11-25,ItoE_name, 160.528, Wheel, -1570.5, 0.98, 7-8, 1
